x	y	showSelected1
2.85247999363686	2	1
3.36417563277062	1.58496250072116	2
2.8555191556678	2	3
3.85229696582693	3.32192809488736	4
3.83739902434202	3.16992500144231	5
3.50987428500472	2.32192809488736	6
3.06520612805431	2	7
3.73663549768682	3	8
2.82672252016899	1.58496250072116	9
2.68394713075151	1	10
4.56974834178128	4.70043971814109	11
2.69460519893357	1	12
3.18920948958231	1	13
2.29446622616159	1	14
2.30535136944662	1	15
4.25949831403092	3.8073549220576	16
4.42889576280139	4.24792751344359	17
2.23299611039215	0	18
2.54777470538782	1.58496250072116	19
3.48144262850231	2.58496250072116	20
3.05269394192497	1.58496250072116	21
3.67614468035621	2.58496250072116	22
2.72345567203519	1	23
4.0338658673479	3.58496250072116	24
4.04813092702897	3.70043971814109	25
3.17724783625562	2	26
3.40277706961035	2.32192809488736	27
3.38524868240322	2.58496250072116	28
4.0111473607758	3.16992500144231	29
2.86923171973098	1	30
3.55412558151301	2.58496250072116	31
3.06818586174616	2	32
3.60809794632528	2.8073549220576	33
2.71683772329952	1.58496250072116	34
3.00389116623691	1.58496250072116	35
3.34103863167752	2.32192809488736	36
2.62838893005031	1	37
1.93449845124357	0	38
1.95904139232109	0	39
3.53957788334531	2.58496250072116	40
4.49099729401525	5.52356195605701	41
3.16790781000148	2	42
3.05384642685225	1	43
3.58319877396862	2.8073549220576	44
3.12254352406875	1.58496250072116	45
3.88980575186809	3	46
3.42520805113866	2	47
2.88536122003151	1	48
3.3142886609475	2	49
3.75762374590839	2.32192809488736	50
2.55022835305509	1	51
3.49262072204319	2.32192809488736	52
3.18695633546541	2.58496250072116	53
3.56288738129388	2.58496250072116	54
3.77385955237669	2.8073549220576	55
3.90934203836131	3.16992500144231	56
2.23552844690755	0	57
3.56808433131539	2	58
2.65321251377534	1	59
4.21018470547241	4.08746284125034	60
2.68394713075151	1	61
2.54282542695918	1	62
3.63998424804159	2.58496250072116	63
2.90091306773767	2	64
3.73471984165568	3.16992500144231	65
3.03342375548695	1.58496250072116	66
3.49498897368317	2.58496250072116	67
2.59879050676312	1	68
2.62013605497376	1	69
2.71767050300226	2	70
3.63848925695464	2.8073549220576	71
2.75815462196739	0	72
2.14921911265538	1	73
2.25285303097989	1.58496250072116	74
3.00130093302042	2	75
3.66332393362821	2.32192809488736	76
3.22375545365724	2	77
2.54777470538782	1	78
2.72754125702856	2	79
4.16952748955329	3.90689059560852	80
3.00860017176192	1	81
3.65350194696293	2.8073549220576	82
3.14050804303818	2	83
3.89359533381988	3.32192809488736	84
2.23044892137827	1	85
3.23954972084047	1.58496250072116	86
3.26528962586083	1.58496250072116	87
3.2312146479626	2	88
3.47741068790725	2.58496250072116	89
2.8488047010518	1	90
1.83250891270624	0	91
3.10890312766731	2.32192809488736	92
2.81358098856819	2	93
3.84304581053457	2.8073549220576	94
2.32633586092875	1	95
3.51560894923448	2.32192809488736	96
4.41567433456626	5.58496250072116	97
4.21130746666895	3.58496250072116	98
2.67669360962487	1	99
4.16958627332191	3.58496250072116	100
3.97776931809157	3.32192809488736	101
2.7481880270062	1.58496250072116	102
2.52633927738984	1	103
2.96567197122011	1.58496250072116	104
3.67979117098035	3	105
1.50514997831991	0	106
2.58092497567562	1	107
3.24748226067705	2	108
2.94250410616808	0	109
2.50514997831991	1	110
1.50514997831991	0	111
2.48144262850231	1	112
3.33685982091681	2.32192809488736	113
2.87563993700417	1.58496250072116	114
3.86081696386454	2.8073549220576	115
3.14457420760962	2	116
3.02816441942447	1.58496250072116	117
2.57403126772772	1	118
3.27623195792183	2	119
4.13548249133571	3.4594316186373	120
1.67209785793572	0	121
3.02694162795903	1	122
2.38738982633873	0	123
2.44090908206522	1	124
2.02118929906994	0	125
3.3914644118391	1.58496250072116	126
3.15044940946088	2	127
2.52504480703685	1	128
2.82151352840477	0	129
2.61489721603313	1.58496250072116	130
1.54406804435028	0	131
2.60314437262018	1	132
3.89867034296553	3.16992500144231	133
3.26904570965762	1	134
3.623972512017	2.8073549220576	135
2.07554696139253	1.58496250072116	136
3.3356584522893	1.58496250072116	137
3.19312459835446	1.58496250072116	138
4.00953587661922	3.70043971814109	139
0.778151250383644	0	140
2.68841982200271	1.58496250072116	141
1.60205999132796	0	142
1.8750612633917	1	143
2.96754797621886	1.58496250072116	144
2.44404479591808	1	145
1.95424250943932	2	146
2.17897694729317	0	147
2.87794695162919	1	148
2.03742649794062	0	149
2.51719589794997	1	150
2.69372694892365	1	151
3.12775251583297	2	152
2.32221929473392	0	153
4.09902421561089	3.4594316186373	154
2.32221929473392	2	155
2.75050839485135	2	156
2.09691001300806	0	157
3.08493357493672	0	158
3.22167499707077	2.32192809488736	159
1.30102999566398	1	160
3.71231290868137	2	161
4.00410632327966	3.4594316186373	162
3.30297993674825	2	163
3.10856502373283	2	164
2.93449845124357	2	165
2.42651126136458	0	166
2.42488163663107	1	167
2.39967372148104	0	168
2.6232492903979	1.58496250072116	169
2.68841982200271	2	170
3.93343666782628	3.16992500144231	171
3.19920647916166	1	172
1.64345267648619	0	173
3.13893394025692	2	174
2.13987908640124	0	175
1.93449845124357	1	176
2.10380372095596	1	177
2.91009054559407	1	178
1.95904139232109	0	179
1.86332286012046	1	180
2.85003325768977	2	181
3.21298618473667	2	182
1.88649072517248	1	183
1.61278385671974	1	184
4.16118825698226	3.4594316186373	185
2.70842090013471	2	186
3.37566361396089	2	187
2.65417654187796	1	188
2.19865708695442	1	189
3.75050839485135	2.8073549220576	190
1.75587485567249	1	191
2.34635297445064	0	192
3.31407799177921	2	193
2.96567197122011	1	194
2.87621784059164	2	195
2.17609125905568	0	196
2.74350976472843	0	197
3.48699688843182	2.58496250072116	198
3.34654855854847	2	199
2.91803033678488	0	200
3.78646747674028	3	201
4.30939592586976	4.08746284125034	202
2.3096301674259	1.58496250072116	203
1.7481880270062	0	204
3.10720996964787	2	205
3.01157044359728	2	206
1.77085201164214	0	207
1.5910646070265	0	208
2.30102999566398	1	209
2.09342168516224	0	210
2.51587384371168	0	211
3.86681880292605	3.32192809488736	212
2.36735592102602	1	213
2.23044892137827	1	214
2.86805636182304	1	215
4.37796157021964	4.16992500144231	216
2.1430148002541	1	217
2.31597034545692	0	218
2.84509804001426	1	219
1.68124123737559	0	220
2.92324401863028	0	221
2.79865064544527	0	222
2.69460519893357	1	223
2.37657695705651	0	224
2.42324587393681	2	225
1.77815125038364	0	226
2.55990662503611	0	227
1.61278385671974	0	228
2.59439255037543	1.58496250072116	229
2.54157924394658	1	230
2.42975228000241	0	231
2.1846914308176	0	232
2.06818586174616	0	233
2.30749603791321	1	234
2.23044892137827	1	235
3.84571801796666	3	236
2.38738982633873	0	237
1.88649072517248	1	238
2.04532297878666	0	239
2.44247976906445	1.58496250072116	240
2.44870631990508	1	241
2.68124123737559	1.58496250072116	242
3.31701810104811	2.32192809488736	243
3.50023647482564	2	244
3.40925665203891	2.32192809488736	245
2.5327543789925	1	246
2.5327543789925	1.58496250072116	247
2.25767857486918	1	248
1.39794000867204	0	249
2.46834733041216	1	250
1.84509804001426	0	251
2.24303804868629	0	252
2.50650503240487	1	253
3.33625955201419	2	254
2.77378644498119	1.58496250072116	255
2.93851972517649	2	256
2.26951294421792	0	257
2.58771096501891	1	258
3.80352539557653	4.08746284125034	259
3.36921585741014	2	260
2.34635297445064	0	261
2.01283722470517	1	262
2.1846914308176	0	263
1.95904139232109	1	264
1.07918124604762	0	265
3.87725613311359	3.32192809488736	266
2.11058971029925	0	267
2.13353890837022	0	268
1.568201724067	0	269
2.7427251313047	1.58496250072116	270
3.26951294421792	1	271
1.92427928606188	0	272
1.25527250510331	0	273
3.33785842904109	2.58496250072116	274
2.40823996531185	1.58496250072116	275
1.74036268949424	0	276
2.49136169383427	0	277
2.71349054309394	1	278
1.69897000433602	1	279
2.01703333929878	1	280
3.22762964957101	1.58496250072116	281
2.05307844348342	1	282
2.48713837547719	1.58496250072116	283
1.57978359661681	1	284
2.30319605742049	1.58496250072116	285
2.2405492482826	0	286
1.9731278535997	1	287
3.91933963678741	3	288
2.15836249209525	0	289
1.78532983501077	1	290
3.28216877830464	0	291
2.70671778233676	1	292
1.43136376415899	0	293
2.8234742291703	1	294
2.01283722470517	0	295
1.81954393554187	1	296
2.22788670461367	1	297
1.11394335230684	0	298
2.56110138364906	2	299
2.35602585719312	1	300
1.53147891704226	0	301
1.76342799356294	0	302
2.76117581315573	2	303
2.17318626841227	1	304
2.69635638873333	1	305
3.20303288701471	2	306
2.25767857486918	0	307
2.74973631556906	1.58496250072116	308
1.81291335664286	0	309
2.42975228000241	1	310
1.97772360528885	1	311
2.73078227566639	1	312
2.90254677931399	1	313
2.07554696139253	1	314
2.10380372095596	0	315
2.18752072083646	0	316
3.07773117965239	2.32192809488736	317
2.47421626407626	0	318
1.67209785793572	0	319
1.79934054945358	0	320
2.44404479591808	1	321
1.76342799356294	0	322
1.83250891270624	0	323
3.00389116623691	2	324
2.86451108105839	2	325
1.69897000433602	0	326
3.09166695759568	2	327
1.98677173426624	0	328
1.55630250076729	0	329
3.11327469246435	1	330
2.67851837904011	1	331
2.07918124604762	1	332
2.37839790094814	0	333
3.75427186868346	3	334
2.79448804665917	1	335
2.55870857053317	1	336
3.32118402730231	1.58496250072116	337
2.40993312333129	1	338
3.64836001098093	2.58496250072116	339
3.32387060654051	1	340
2.34439227368511	1	341
2.70329137811866	1.58496250072116	342
1.69897000433602	0	343
2.32014628611105	0	344
2.48995847942483	0	345
2.74350976472843	0	346
3.49789674291322	2.58496250072116	347
2.07918124604762	2	348
3.65098709438345	2.32192809488736	349
1.43136376415899	1	350
2.86272752831797	1	351
2.17026171539496	0	352
3.69434191036418	2	353
2.06818586174616	1	354
2.19312459835446	1	355
2.11058971029925	0	356
3.05384642685225	2	357
2.12710479836481	0	358
2.75204844781944	1.58496250072116	359
2.07188200730613	0	360
1.90848501887865	0	361
2.09691001300806	0	362
2.15228834438306	1	363
2.51454775266029	2	364
2.78175537465247	2	365
2.70500795933334	1	366
2.43616264704076	0	367
2.61909333062674	2	368
2.52374646681156	0	369
2.29885307640971	1	370
2.26481782300954	1	371
1.6232492903979	0	372
1.72427586960079	0	373
2.6730209071289	0	374
3.45863784902565	2	375
2.15836249209525	1	376
2.86213137931304	1.58496250072116	377
1.81954393554187	0	378
3.17782497186468	2	379
2.41995574848976	1	380
2.63948648926859	1	381
2.2405492482826	1.58496250072116	382
1.91381385238372	0	383
2.66558099101795	1	384
1.77085201164214	0	385
2.51587384371168	1.58496250072116	386
3.76335310874822	2.8073549220576	387
3.14426277376199	2	388
2.69722934275972	2	389
2.3747483460101	0	390
2.02118929906994	0	391
1.80617997398389	0	392
2.21218760440396	1.58496250072116	393
2.61489721603313	0	394
2.74115159885179	1	395
2.49692964807322	0	396
1.86332286012046	0	397
1.69897000433602	0	398
3.26221370547642	2	399
3.29070224328785	1.58496250072116	400
2.36735592102602	1	401
1.80617997398389	1	402
2.25285303097989	1	403
1.85125834871908	0	404
3.37199091146492	1.58496250072116	405
1.77815125038364	0	406
1.79934054945358	0	407
2.86746748785905	0	408
1.23044892137827	0	409
3.20384846374623	2	410
2.38021124171161	1	411
1.57978359661681	1	412
2.57634135020579	1	413
2.23299611039215	0	414
2.33041377334919	0	415
1.38021124171161	0	416
1.8750612633917	1	417
2.40483371661994	1	418
1.6232492903979	0	419
3.01452053875792	2	420
1.88649072517248	0	421
2.60852603357719	1	422
3.06855689507236	1.58496250072116	423
2.84633711212981	1	424
2.00432137378264	0	425
1.73239375982297	0	426
3.63548374681491	2.58496250072116	427
1.66275783168157	0	428
1.88649072517248	1	429
2.2148438480477	0	430
2.44715803134222	0	431
1.63346845557959	0	432
2.12385164096709	1	433
2.3384564936046	1	434
2.80002935924413	0	435
2.75281643118827	1	436
1.63346845557959	1	437
2.60638136511061	0	438
2.4345689040342	0	439
3.42061577062577	2.58496250072116	440
2.60530504614111	2	441
2.12385164096709	1	442
1.43136376415899	1.58496250072116	443
2.03742649794062	0	444
2.82412583391655	1	445
1.68124123737559	1	446
2.11058971029925	1	447
2.11727129565576	0	448
2.78604121024255	1	449
1.78532983501077	1	450
2.3541084391474	1	451
0.903089986991944	0	452
1.57978359661681	0	453
2.42324587393681	0	454
2.53019969820308	1	455
1.44715803134222	0	456
2.06445798922692	0	457
2.89872518158949	1.58496250072116	458
2.52633927738984	1	459
3.17376882313665	2	460
2.29666519026153	2	461
1.38021124171161	0	462
3.26363606858811	2	463
2.35602585719312	0	464
1.47712125471966	1	465
3.72615646617276	2.32192809488736	466
2.50650503240487	0	467
2.01703333929878	0	468
2.15228834438306	0	469
1.72427586960079	0	470
3.33485568961729	2.32192809488736	471
1.75587485567249	0	472
2.20951501454263	2	473
3.56667313760612	2.32192809488736	474
1.61278385671974	0	475
1.38021124171161	0	476
1.95904139232109	0	477
1.30102999566398	0	478
1.77085201164214	1	479
1.77815125038364	1	480
2.3747483460101	0	481
2.53147891704226	1	482
2.10720996964787	1	483
2.27415784926368	0	484
3.46044678388072	1.58496250072116	485
2.52374646681156	1	486
2.12057393120585	1.58496250072116	487
1.61278385671974	0	488
2.28103336724773	1	489
1.98677173426624	1	490
2.05307844348342	0	491
2.43775056282039	1.58496250072116	492
2.29225607135648	1	493
2.31175386105575	0	494
1.5910646070265	0	495
1.81291335664286	0	496
1.07918124604762	0	497
2.2148438480477	1	498
1.7160033436348	1	499
2.39269695325967	0	500
2.52113808370404	1	501
1.63346845557959	1	502
2.21748394421391	1.58496250072116	503
2.08635983067475	1	504
2.22530928172586	0	505
2.50105926221775	1	506
1.83250891270624	0	507
1.46239799789896	0	508
2.95616843047536	1.58496250072116	509
1.8750612633917	1	510
1.49136169383427	0	511
1.86332286012046	0	512
2.98227123303957	0	513
1.77085201164214	0	514
1.49136169383427	0	515
1.96378782734556	0	516
1.568201724067	0	517
2.19033169817029	0	518
1.95904139232109	0	519
3.62138402848165	2	520
2.28555730900777	1	521
1.94939000664491	1	522
1.82607480270083	0	523
1.07918124604762	0	524
2.12057393120585	1	525
1.91381385238372	2	526
2.37291200297011	0	527
2.02118929906994	0	528
1.76342799356294	0	529
2.18184358794477	0	530
1.17609125905568	0	531
1.96848294855394	0	532
1.6232492903979	0	533
2.77158748088126	2	534
1.04139268515822	0	535
3.05461305455689	1.58496250072116	536
1.77085201164214	0	537
1.5910646070265	0	538
2.09691001300806	2	539
2.07554696139253	1	540
1.39794000867204	0	541
2.3384564936046	0	542
3.98717450108754	3.32192809488736	543
1.6232492903979	0	544
0.845098040014257	0	545
1.43136376415899	0	546
1.85125834871908	0	547
3.57818060962778	2.32192809488736	548
1.53147891704226	0	549
1.77815125038364	0	550
1.61278385671974	0	551
3.60734777676841	2.32192809488736	552
2.29885307640971	1	553
1.5910646070265	0	554
2.29885307640971	0	555
3.10720996964787	2	556
3.43023635341151	2	557
1.04139268515822	0	558
1.86332286012046	1	559
2.16435285578444	0	560
2.11727129565576	1	561
1.85733249643127	0	562
2.26245108973043	1	563
1.27875360095283	0	564
1.32221929473392	0	565
1.568201724067	1	566
1.14612803567824	0	567
2.08278537031645	0	568
2.34439227368511	0	569
2.49554433754645	1	570
2.11394335230684	1	571
2.85308952985187	2	572
2.5092025223311	1	573
1.47712125471966	0	574
2.38381536598043	0	575
3.32469391386177	2	576
2.58433122436753	1.58496250072116	577
2.89376176205794	2	578
1.91381385238372	1	579
1.36172783601759	0	580
1.568201724067	0	581
2.18752072083646	1	582
1.85125834871908	0	583
2.63748972951251	1	584
2.2148438480477	1.58496250072116	585
2.47129171105894	1	586
3.00945089579869	1	587
1.89762709129044	1.58496250072116	588
3.38489079653055	2	589
1.91381385238372	0	590
1.79934054945358	0	591
1.5910646070265	0	592
2.21748394421391	1	593
2.91222205653242	1	594
1.57978359661681	0	595
1	0	596
2.3747483460101	1	597
2.01703333929878	1	598
2.15228834438306	1	599
2.26007138798507	0	600
1.94939000664491	0	601
2.9903388547876	1	602
2.51587384371168	1	603
1.83884909073726	0	604
2.1430148002541	0	605
1.82607480270083	0	606
2.19312459835446	1	607
1.41497334797082	0	608
2.20411998265593	1	609
3.09131515969722	1.58496250072116	610
2.64640372622307	1	611
1.44715803134222	1	612
2.05307844348342	0	613
1.44715803134222	0	614
2.6570558528571	1.58496250072116	615
2.06445798922692	0	616
1.70757017609794	0	617
1.46239799789896	0	618
2.81291335664286	1	619
2.88761730033574	1.58496250072116	620
3.83600745912553	3	621
2.54157924394658	1	622
2.27415784926368	1	623
1.6232492903979	0	624
1.90308998699194	0	625
2.15533603746506	0	626
2.46089784275655	1	627
1.568201724067	0	628
2.61804809671209	1.58496250072116	629
1.95904139232109	2	630
1.36172783601759	0	631
1.36172783601759	1	632
1.63346845557959	0	633
2.2148438480477	1	634
1.95904139232109	0	635
2.33445375115093	0	636
2.3541084391474	0	637
2.34242268082221	1	638
1.7481880270062	1	639
2.44870631990508	1.58496250072116	640
2.37291200297011	0	641
2.63648789635337	1	642
2.30102999566398	0	643
1.91907809237607	0	644
2.49692964807322	1	645
2.20139712432045	1.58496250072116	646
1.32221929473392	1.58496250072116	647
1.83250891270624	0	648
1.89762709129044	0	649
2.77670118398841	2	650
2.29225607135648	1.58496250072116	651
3.52814507825311	2.32192809488736	652
2.41830129131975	2	653
2.01283722470517	1	654
1.39794000867204	0	655
2.24797326636181	0	656
2.63447727016073	1	657
2.12057393120585	0	658
1.53147891704226	0	659
2.06069784035361	0	660
1.81954393554187	1	661
1.74036268949424	0	662
2.56466606425209	1.58496250072116	663
1.99563519459755	0	664
1.88649072517248	0	665
1.68124123737559	1	666
2.3096301674259	1	667
2.55630250076729	2	668
1.14612803567824	0	669
3.48058178682917	2.32192809488736	670
2.06069784035361	0	671
1.39794000867204	0	672
1.84509804001426	0	673
1.90308998699194	0	674
1.50514997831991	0	675
1.83250891270624	1	676
2.8208579894397	1	677
1.95904139232109	2	678
2.00432137378264	0	679
3.05766610390983	1.58496250072116	680
2.50105926221775	1	681
2.13987908640124	0	682
1.50514997831991	0	683
2.23552844690755	1	684
1.69897000433602	0	685
2.13033376849501	1	686
1.96848294855394	0	687
1.66275783168157	0	688
2.25527250510331	1	689
1.7481880270062	1	690
2.29446622616159	1	691
1.63346845557959	1	692
1.75587485567249	1	693
1.64345267648619	0	694
1.54406804435028	0	695
1.47712125471966	0	696
1.76342799356294	0	697
1.5910646070265	0	698
1.7160033436348	0	699
2.19865708695442	0	700
2.09342168516224	1	701
2.86923171973098	2	702
1.65321251377534	0	703
1.51851393987789	0	704
1.07918124604762	0	705
1.23044892137827	1	706
2.40993312333129	0	707
2.94398887507377	2	708
2.31175386105575	0	709
2.02118929906994	1	710
1.98227123303957	1	711
1.69019608002851	0	712
1.14612803567824	0	713
2.47856649559384	2	714
2.35793484700045	0	715
1.32221929473392	0	716
2.50514997831991	0	717
3.11660774398825	1.58496250072116	718
3.17143390094301	2	719
1.14612803567824	0	720
1.68124123737559	0	721
1.53147891704226	0	722
2.06069784035361	1	723
2.14921911265538	1	724
1.36172783601759	1	725
1.80617997398389	0	726
1.27875360095283	0	727
1.64345267648619	0	728
1.73239375982297	1	729
1.60205999132796	0	730
2.55144999797288	2	731
2.06445798922692	1	732
2.48287358360875	1	733
1.53147891704226	1	734
2.62117628177504	1	735
2.3541084391474	0	736
2.31597034545692	1	737
2.8662873390842	1.58496250072116	738
1.67209785793572	0	739
1.98677173426624	1	740
1.14612803567824	0	741
1.55630250076729	0	742
2.36735592102602	0	743
2.00860017176192	1	744
2.31386722036915	0	745
2.43775056282039	0	746
1.95424250943932	0	747
1.83884909073726	0	748
1.60205999132796	0	749
1.43136376415899	0	750
1.92427928606188	1	751
1.67209785793572	0	752
1.04139268515822	0	753
3.13449585583467	1	754
2.99738638439731	2	755
2.00860017176192	1	756
1.25527250510331	0	757
1.55630250076729	1	758
1.47712125471966	0	759
2.02938377768521	0	760
1.41497334797082	1	761
2.15533603746506	0	762
1.30102999566398	0	763
1.85125834871908	0	764
3.13703745478951	1.58496250072116	765
1.74036268949424	0	766
1.27875360095283	0	767
1.23044892137827	1	768
1.25527250510331	0	769
1.53147891704226	1	770
2.63548374681491	0	771
2.49692964807322	1	772
2.75891189239797	0	773
1.34242268082221	1	774
2.95520653754194	1.58496250072116	775
3.28057837036808	1	776
1.75587485567249	0	777
1.47712125471966	0	778
2.47567118832443	1	779
1.79934054945358	1	780
1.568201724067	1	781
3.22271647114758	2	782
2.7160033436348	1	783
1.14612803567824	0	784
1.27875360095283	1	785
3.03822263836872	2	786
1.57978359661681	0	787
1.53147891704226	0	788
1.69019608002851	1	789
1.61278385671974	0	790
1.65321251377534	0	791
0.954242509439325	0	792
1.89762709129044	0	793
1.88081359228079	0	794
1.69019608002851	1	795
1.568201724067	0	796
1.57978359661681	0	797
1.68124123737559	0	798
2.25527250510331	1	799
2.81954393554187	2	800
2.36735592102602	1	801
2.94200805302231	1.58496250072116	802
1.25527250510331	1	803
1.76342799356294	1	804
2.22010808804006	0	805
2.5092025223311	1	806
1.44715803134222	0	807
1.23044892137827	0	808
2.02938377768521	0	809
1.27875360095283	0	810
1.97772360528885	0	811
1.30102999566398	1.58496250072116	812
1.78532983501077	0	813
1.93951925261862	1	814
2.09342168516224	1	815
3.1646502159343	1.58496250072116	816
2.1430148002541	2	817
1.60205999132796	1	818
1.54406804435028	0	819
1.14612803567824	0	820
1.50514997831991	0	821
2.1430148002541	0	822
1	0	823
2.03742649794062	1	824
2.50105926221775	0	825
1.9731278535997	1	826
3.41896383070362	2.32192809488736	827
2.26951294421792	1	828
2.45484486000851	0	829
1.76342799356294	1	830
1.83250891270624	1	831
1.70757017609794	1	832
2.18184358794477	1	833
2.11394335230684	0	834
1.70757017609794	1	835
1.68124123737559	1.58496250072116	836
2.19589965240923	0	837
2.41329976408125	1	838
1.5910646070265	1	839
3.28533222764388	2.32192809488736	840
3.03782475058834	1.58496250072116	841
1.43136376415899	1	842
1.85125834871908	1	843
0.903089986991944	0	844
2.43296929087441	0	845
2.48000694295715	0	846
2.32837960343874	0	847
1.55630250076729	0	848
1.25527250510331	0	849
1.44715803134222	0	850
3.57599562020327	2.58496250072116	851
1.14612803567824	0	852
1.11394335230684	0	853
1.66275783168157	0	854
1.83884909073726	1	855
1.14612803567824	1	856
0.954242509439325	0	857
1.7160033436348	0	858
1.41497334797082	1	859
2.38916608436453	1	860
1.77085201164214	0	861
1.81291335664286	0	862
1.39794000867204	0	863
1.11394335230684	0	864
2.19033169817029	1	865
1.41497334797082	0	866
1.44715803134222	0	867
1.98227123303957	1	868
2.33243845991561	0	869
3.30792370361188	1.58496250072116	870
2.08278537031645	0	871
2.2148438480477	0	872
1.91381385238372	0	873
1.23044892137827	0	874
1.70757017609794	0	875
1.30102999566398	0	876
1.43136376415899	0	877
1.41497334797082	1.58496250072116	878
1.61278385671974	0	879
1.11394335230684	0	880
2.45484486000851	1.58496250072116	881
1.53147891704226	0	882
1.36172783601759	0	883
1.68124123737559	0	884
1.5910646070265	0	885
2.94101424370557	1	886
1.94448267215017	1.58496250072116	887
2.03342375548695	1	888
1.93449845124357	1	889
1.20411998265592	0	890
1.34242268082221	1	891
1.32221929473392	0	892
1.80617997398389	0	893
1.27875360095283	0	894
1.32221929473392	0	895
1.5910646070265	0	896
2.75815462196739	2	897
1	0	898
1.79239168949825	0	899
1.93951925261862	1	900
2.26245108973043	0	901
2.53907609879278	0	902
0.954242509439325	0	903
1.36172783601759	0	904
1.44715803134222	0	905
1.55630250076729	0	906
1.70757017609794	1	907
1.78532983501077	1	908
1.53147891704226	0	909
1.50514997831991	0	910
2.48855071650044	1	911
1.79239168949825	0	912
1.99563519459755	1	913
2.54157924394658	1.58496250072116	914
1.50514997831991	0	915
1.5910646070265	0	916
1.64345267648619	1	917
1.47712125471966	0	918
1.20411998265592	0	919
1.34242268082221	0	920
2.22788670461367	0	921
1.60205999132796	0	922
0.698970004336019	0	923
2.02938377768521	1	924
1.14612803567824	0	925
1.6232492903979	0	926
1.36172783601759	0	927
0.954242509439325	0	928
1.53147891704226	0	929
1.86923171973098	0	930
1.55630250076729	0	931
1.90848501887865	1	932
1.25527250510331	0	933
1.32221929473392	0	934
1.46239799789896	1	935
1.43136376415899	0	936
1.23044892137827	0	937
1.36172783601759	0	938
3.07408468902824	2	939
1.07918124604762	0	940
1.568201724067	1	941
1.47712125471966	0	942
1.49136169383427	0	943
2.57978359661681	1.58496250072116	944
1.07918124604762	0	945
2.11058971029925	0	946
1.85125834871908	1	947
2.8555191556678	1.58496250072116	948
2.31806333496276	1	949
1.81954393554187	1	950
1.95904139232109	0	951
0.954242509439325	0	952
1.39794000867204	0	953
1.568201724067	0	954
1.81291335664286	0	955
0.698970004336019	0	956
1.54406804435028	0	957
0.954242509439325	0	958
1.41497334797082	1	959
1.32221929473392	0	960
1.46239799789896	0	961
2.25042000230889	1	962
1.75587485567249	1	963
1.39794000867204	0	964
1.97772360528885	0	965
1.20411998265592	1	966
1.73239375982297	0	967
1.90308998699194	0	968
2.82151352840477	1	969
1.43136376415899	0	970
1.78532983501077	2	971
2.26481782300954	0	972
1.34242268082221	0	973
1.36172783601759	0	974
1.44715803134222	0	975
1.96378782734556	0	976
1.95424250943932	0	977
1.80617997398389	0	978
1.6232492903979	0	979
1.14612803567824	0	980
1.81954393554187	0	981
2.53019969820308	1	982
3.05192391604611	1	983
1.83250891270624	0	984
2.6232492903979	1	985
2.52891670027765	1	986
1.44715803134222	1	987
2.86510397464113	1	988
1.46239799789896	0	989
1.17609125905568	1	990
2.34830486304816	1	991
1.23044892137827	0	992
1.50514997831991	0	993
1.38021124171161	0	994
1.11394335230684	0	995
1.49136169383427	1	996
1.25527250510331	1	997
1.95904139232109	1	998
2.37291200297011	0	999
1.51851393987789	0	1000
2.10380372095596	1	1001
1.70757017609794	0	1002
1.46239799789896	0	1003
1.07918124604762	0	1004
1.5910646070265	0	1005
2.57863920996807	1	1006
1.53147891704226	1	1007
1.38021124171161	0	1008
1.34242268082221	0	1009
1.94448267215017	1	1010
1.79934054945358	1	1011
1.66275783168157	0	1012
1.73239375982297	1	1013
1.69019608002851	1	1014
1.30102999566398	0	1015
1.6232492903979	0	1016
1.25527250510331	0	1017
1.88081359228079	0	1018
1.50514997831991	0	1019
1.23044892137827	0	1020
1.04139268515822	0	1021
1.49136169383427	0	1022
2.50379068305718	2	1023
2.2148438480477	0	1024
1.65321251377534	0	1025
1	0	1026
1.70757017609794	0	1027
1.49136169383427	1	1028
2.16136800223497	1	1029
1.36172783601759	0	1030
1.72427586960079	0	1031
1.568201724067	0	1032
1.54406804435028	0	1033
1.65321251377534	1	1034
0.903089986991944	0	1035
0.845098040014257	0	1036
1.47712125471966	0	1037
2.19589965240923	2	1038
1.72427586960079	1	1039
2.07554696139253	0	1040
1.51851393987789	0	1041
2.40993312333129	1	1042
2.10720996964787	0	1043
1.60205999132796	0	1044
2.38381536598043	0	1045
1.53147891704226	0	1046
1.54406804435028	0	1047
1.27875360095283	0	1048
2.07554696139253	0	1049
1.34242268082221	1	1050
1.07918124604762	0	1051
1.54406804435028	1	1052
1.74036268949424	0	1053
2.19033169817029	1	1054
1.75587485567249	0	1055
1.47712125471966	0	1056
1.23044892137827	1	1057
1.83884909073726	1	1058
2.25767857486918	0	1059
2.19589965240923	0	1060
1.96378782734556	0	1061
1.54406804435028	0	1062
1.25527250510331	0	1063
1.07918124604762	0	1064
1.41497334797082	0	1065
2.51587384371168	0	1066
1.69897000433602	0	1067
1.27875360095283	0	1068
1.79239168949825	1	1069
0.778151250383644	0	1070
1.25527250510331	0	1071
1.70757017609794	0	1072
1.83250891270624	0	1073
0.954242509439325	0	1074
1.70757017609794	1	1075
0.845098040014257	0	1076
1.53147891704226	0	1077
1.92427928606188	1	1078
1.11394335230684	2	1079
2.6170003411209	1.58496250072116	1080
1.73239375982297	0	1081
1.17609125905568	1	1082
1.41497334797082	1	1083
2.45636603312904	1	1084
1.75587485567249	0	1085
2.40993312333129	1	1086
1.90308998699194	1	1087
2.02118929906994	0	1088
1.39794000867204	1	1089
1.23044892137827	0	1090
1.41497334797082	0	1091
1.54406804435028	1	1092
1.23044892137827	0	1093
1.41497334797082	0	1094
2.04139268515823	0	1095
2.07554696139253	1	1096
1.95904139232109	1	1097
1.39794000867204	0	1098
2.05690485133647	0	1099
1.91381385238372	0	1100
2.42975228000241	0	1101
2.96094619573383	2	1102
1.80617997398389	0	1103
2.19865708695442	1	1104
2.90525604874845	1	1105
1.30102999566398	0	1106
2.10037054511756	0	1107
2.16136800223497	1	1108
1.63346845557959	0	1109
1.93449845124357	1	1110
1.68124123737559	2	1111
2.18184358794477	0	1112
1.36172783601759	0	1113
0.954242509439325	0	1114
1.17609125905568	1	1115
1.23044892137827	0	1116
1.11394335230684	0	1117
1.04139268515822	0	1118
1.36172783601759	1	1119
2.13672056715641	0	1120
1.90848501887865	0	1121
1.44715803134222	0	1122
2.42975228000241	2	1123
1.7160033436348	0	1124
1.88081359228079	0	1125
2.33645973384853	1	1126
1.20411998265592	0	1127
1.39794000867204	1	1128
1.04139268515822	0	1129
1.25527250510331	0	1130
1.69019608002851	0	1131
1.54406804435028	0	1132
1	0	1133
1.77085201164214	1	1134
2.13353890837022	0	1135
1.94448267215017	1	1136
2.14612803567824	0	1137
1.47712125471966	0	1138
1.88649072517248	0	1139
2.41995574848976	0	1140
2.44090908206522	1	1141
1.47712125471966	0	1142
2.17609125905568	0	1143
1.77085201164214	2	1144
1.61278385671974	0	1145
1.41497334797082	0	1146
1.51851393987789	0	1147
1.90308998699194	0	1148
1.5910646070265	0	1149
1.61278385671974	0	1150
1.25527250510331	0	1151
2.51454775266029	1	1152
2.23299611039215	0	1153
1.25527250510331	1	1154
2.47129171105894	1	1155
1.54406804435028	0	1156
1.53147891704226	0	1157
1.60205999132796	1	1158
2.3747483460101	0	1159
2.17026171539496	0	1160
2.69635638873333	1	1161
1.68124123737559	0	1162
1.63346845557959	0	1163
2	1	1164
1.11394335230684	0	1165
1.69019608002851	1	1166
1.53147891704226	0	1167
1.90308998699194	0	1168
1.36172783601759	0	1169
1.11394335230684	0	1170
2.11394335230684	0	1171
1.85125834871908	1	1172
0.903089986991944	0	1173
1.5910646070265	0	1174
1.55630250076729	0	1175
1.11394335230684	0	1176
1.38021124171161	0	1177
1.81954393554187	0	1178
2.71011736511182	0	1179
0.845098040014257	0	1180
1.54406804435028	0	1181
1.32221929473392	0	1182
1.67209785793572	0	1183
2.04139268515823	0	1184
1.60205999132796	0	1185
1.25527250510331	0	1186
1.07918124604762	1	1187
2.40312052117582	0	1188
2.18752072083646	0	1189
1.60205999132796	0	1190
1.8750612633917	0	1191
1.82607480270083	0	1192
1.41497334797082	1	1193
1.41497334797082	0	1194
1.98677173426624	1.58496250072116	1195
1.8750612633917	1	1196
1.50514997831991	0	1197
1.51851393987789	0	1198
1.91381385238372	1	1199
1.65321251377534	0	1200
2.2405492482826	0	1201
1.38021124171161	1	1202
2.41329976408125	1	1203
1.7160033436348	0	1204
1.73239375982297	0	1205
2.99738638439731	1.58496250072116	1206
2.42324587393681	1	1207
1.5910646070265	0	1208
1.17609125905568	1	1209
1.36172783601759	2	1210
2.03342375548695	2	1211
1.36172783601759	0	1212
1.7160033436348	0	1213
1.41497334797082	1	1214
1.49136169383427	1	1215
1.11394335230684	0	1216
1	0	1217
0.778151250383644	0	1218
1.50514997831991	0	1219
2.3384564936046	1	1220
2.10380372095596	1	1221
1.7481880270062	1	1222
2.70156798505593	2	1223
1.50514997831991	0	1224
2.02938377768521	0	1225
1.47712125471966	0	1226
1.30102999566398	0	1227
1.75587485567249	1	1228
1.25527250510331	0	1229
1.04139268515822	0	1230
0.698970004336019	0	1231
2.35793484700045	1	1232
1.568201724067	0	1233
2.17897694729317	1	1234
1.61278385671974	1	1235
1.568201724067	1	1236
0.954242509439325	0	1237
0.778151250383644	0	1238
1.61278385671974	0	1239
2.54777470538782	2	1240
0.903089986991944	0	1241
1.27875360095283	0	1242
3.82256033694269	2.58496250072116	1243
1.41497334797082	1	1244
1.88649072517248	1	1245
1.34242268082221	0	1246
2.32221929473392	0	1247
1.6232492903979	0	1248
1.07918124604762	0	1249
1.85733249643127	0	1250
2.04139268515823	0	1251
1.92941892571429	0	1252
2.65030752313194	1	1253
2.04921802267018	0	1254
2.39269695325967	0	1255
1.43136376415899	0	1256
1.39794000867204	0	1257
1.74036268949424	1	1258
1.11394335230684	0	1259
0.903089986991944	0	1260
1.27875360095283	0	1261
1.47712125471966	1	1262
1.25527250510331	0	1263
1.23044892137827	0	1264
0.903089986991944	0	1265
1.55630250076729	0	1266
1.53147891704226	0	1267
0.778151250383644	1	1268
1.46239799789896	0	1269
1.88081359228079	2	1270
0.845098040014257	0	1271
1.85125834871908	1	1272
2.02530586526477	1	1273
1.54406804435028	0	1274
1.88649072517248	1	1275
0.845098040014257	0	1276
1.60205999132796	1	1277
1.25527250510331	0	1278
1.30102999566398	0	1279
0.903089986991944	0	1280
1.39794000867204	0	1281
1.17609125905568	0	1282
2.83442070368153	1	1283
1.32221929473392	0	1284
1.47712125471966	0	1285
1.30102999566398	0	1286
1.72427586960079	0	1287
1.25527250510331	1.58496250072116	1288
0.903089986991944	1	1289
1.88649072517248	0	1290
1.79239168949825	1	1291
1.27875360095283	0	1292
1.72427586960079	0	1293
0.903089986991944	0	1294
1.64345267648619	1	1295
0.954242509439325	0	1296
1.20411998265592	0	1297
1.32221929473392	1	1298
2.3384564936046	1	1299
1.34242268082221	0	1300
0.903089986991944	0	1301
1	0	1302
1.55630250076729	0	1303
1.04139268515822	0	1304
1.66275783168157	0	1305
1.5910646070265	1	1306
2.3096301674259	1	1307
1.43136376415899	1	1308
1.46239799789896	0	1309
1.43136376415899	0	1310
2.90471554527868	2	1311
1.36172783601759	0	1312
1.36172783601759	0	1313
2.07554696139253	0	1314
1.60205999132796	0	1315
1.25527250510331	0	1316
1.50514997831991	0	1317
1.25527250510331	0	1318
2.60745502321467	1	1319
2.07918124604762	1	1320
1.07918124604762	0	1321
1.32221929473392	1	1322
3.46864266839151	2.58496250072116	1323
1.14612803567824	1	1324
1.55630250076729	1	1325
1.69019608002851	1	1326
1.77085201164214	1	1327
0.698970004336019	0	1328
1.89209460269048	1	1329
1.9912260756925	1	1330
2.04921802267018	0	1331
2.21218760440396	2	1332
1.53147891704226	1	1333
1.68124123737559	0	1334
0.778151250383644	0	1335
1.8750612633917	0	1336
1.27875360095283	0	1337
0.698970004336019	0	1338
1.17609125905568	0	1339
1.96848294855394	1	1340
2.94792361983173	0	1341
1.46239799789896	0	1342
2.26717172840301	0	1343
1.25527250510331	0	1344
2.43933269383026	1	1345
2.29003461136252	1	1346
1.23044892137827	0	1347
2.58206336291171	1	1348
1.34242268082221	0	1349
2.06069784035361	0	1350
1.568201724067	0	1351
1.81954393554187	0	1352
1.39794000867204	0	1353
2.23299611039215	1	1354
1.81954393554187	0	1355
2.56702636615906	1	1356
1.8750612633917	0	1357
2.47712125471966	0	1358
1.44715803134222	0	1359
1.568201724067	0	1360
2.64836001098093	1.58496250072116	1361
1.69897000433602	1	1362
1.23044892137827	0	1363
1.39794000867204	0	1364
1.60205999132796	1	1365
1.54406804435028	0	1366
0.954242509439325	0	1367
0.698970004336019	1	1368
1.20411998265592	1	1369
2.03342375548695	0	1370
1.41497334797082	1	1371
1.55630250076729	0	1372
1.50514997831991	0	1373
1.76342799356294	0	1374
0.903089986991944	0	1375
1.46239799789896	0	1376
1.27875360095283	0	1377
1.17609125905568	1	1378
0.954242509439325	0	1379
1.44715803134222	0	1380
0.477121254719662	0	1381
1.04139268515822	1	1382
0.903089986991944	0	1383
1.23044892137827	0	1384
1.76342799356294	1	1385
1.17609125905568	0	1386
1.07918124604762	0	1387
1	0	1388
2.47421626407626	1	1389
1.64345267648619	1	1390
2.03742649794062	0	1391
1.88081359228079	0	1392
1	0	1393
1.36172783601759	0	1394
1.41497334797082	0	1395
1.51851393987789	0	1396
2.08635983067475	1	1397
1.54406804435028	0	1398
1.85733249643127	0	1399
1.36172783601759	1	1400
1.50514997831991	0	1401
1.14612803567824	0	1402
1.74036268949424	0	1403
2.15533603746506	1	1404
1.82607480270083	0	1405
1.27875360095283	0	1406
1.89209460269048	1	1407
1.61278385671974	1	1408
1.66275783168157	1	1409
2.25527250510331	0	1410
2.81358098856819	0	1411
0.903089986991944	1	1412
0.903089986991944	0	1413
1.53147891704226	1	1414
1.23044892137827	0	1415
2.15836249209525	0	1416
3.08707120590654	1	1417
1.66275783168157	2	1418
1.25527250510331	0	1419
1.17609125905568	0	1420
0.602059991327962	0	1421
1.51851393987789	0	1422
2.03342375548695	0	1423
1.98227123303957	1	1424
1.53147891704226	0	1425
1.77815125038364	1.58496250072116	1426
2.3747483460101	1	1427
1.50514997831991	0	1428
1.92941892571429	0	1429
0.903089986991944	0	1430
0.778151250383644	0	1431
1.39794000867204	0	1432
1.64345267648619	0	1433
2.26007138798507	2	1434
1.34242268082221	0	1435
1.30102999566398	1	1436
3.64640372622307	2.58496250072116	1437
1.43136376415899	1	1438
1.50514997831991	1	1439
1.73239375982297	1	1440
0.903089986991944	0	1441
1.20411998265592	0	1442
0.698970004336019	0	1443
1	0	1444
1.17609125905568	0	1445
1.07918124604762	0	1446
0.845098040014257	0	1447
1.67209785793572	1	1448
1.11394335230684	1	1449
1.11394335230684	1	1450
1.43136376415899	1	1451
2.3747483460101	0	1452
1.68124123737559	0	1453
1.38021124171161	1	1454
1.11394335230684	0	1455
1.27875360095283	0	1456
1.17609125905568	0	1457
1.44715803134222	0	1458
1.25527250510331	1	1459
1.39794000867204	0	1460
1.568201724067	1	1461
1.39794000867204	0	1462
0.845098040014257	0	1463
1.7160033436348	1	1464
2.31806333496276	0	1465
2.18752072083646	1	1466
3.11226976841727	2	1467
2.47275644931721	1	1468
1.17609125905568	0	1469
1	0	1470
1.36172783601759	0	1471
1.46239799789896	0	1472
1.69019608002851	0	1473
2.12710479836481	1	1474
1.39794000867204	0	1475
1.27875360095283	0	1476
2.08635983067475	1.58496250072116	1477
1.32221929473392	0	1478
0.845098040014257	0	1479
1.67209785793572	0	1480
2.45636603312904	2	1481
1.04139268515822	0	1482
1.86332286012046	0	1483
1.57978359661681	0	1484
2.00860017176192	0	1485
1.64345267648619	0	1486
2.44247976906445	0	1487
2.00432137378264	1.58496250072116	1488
2.09691001300806	0	1489
1.23044892137827	0	1490
1.568201724067	0	1491
1.70757017609794	1	1492
3.01199311465926	1.58496250072116	1493
1.32221929473392	0	1494
1.46239799789896	0	1495
2.28330122870355	0	1496
1.5910646070265	0	1497
1.57978359661681	0	1498
2.04139268515823	0	1499
1.23044892137827	0	1500
1.76342799356294	0	1501
1.27875360095283	0	1502
1.14612803567824	0	1503
0.845098040014257	0	1504
1.83250891270624	0	1505
0.954242509439325	0	1506
2.12385164096709	1	1507
2.32428245529769	0	1508
2.44247976906445	1	1509
1.83250891270624	0	1510
1.20411998265592	0	1511
2.02530586526477	0	1512
1.04139268515822	0	1513
1.30102999566398	1	1514
2	0	1515
1.32221929473392	0	1516
1.39794000867204	0	1517
1.14612803567824	1	1518
2.39093510710338	0	1519
1.20411998265592	0	1520
0.845098040014257	0	1521
0.778151250383644	0	1522
1.27875360095283	0	1523
1.51851393987789	1	1524
2.39619934709574	1	1525
0.954242509439325	0	1526
1.27875360095283	1	1527
1.39794000867204	1	1528
1.69897000433602	1	1529
1.17609125905568	0	1530
1.25527250510331	0	1531
1.55630250076729	1	1532
0.778151250383644	0	1533
1.04139268515822	0	1534
1.44715803134222	0	1535
2.49276038902684	0	1536
1.79934054945358	0	1537
0.778151250383644	0	1538
1.36172783601759	0	1539
1.20411998265592	0	1540
1.7160033436348	0	1541
2.22271647114758	1	1542
2.2718416065365	1	1543
1.04139268515822	0	1544
2.46982201597816	1	1545
1.34242268082221	0	1546
1.86332286012046	0	1547
1.04139268515822	1	1548
1.04139268515822	0	1549
2.37839790094814	1	1550
2.44247976906445	0	1551
1.63346845557959	1.58496250072116	1552
1.32221929473392	1	1553
1.53147891704226	0	1554
1.04139268515822	0	1555
1.81291335664286	2	1556
1.23044892137827	0	1557
2.17026171539496	0	1558
2.18184358794477	1	1559
1.5910646070265	0	1560
1.61278385671974	1	1561
1	0	1562
1.44715803134222	0	1563
1.25527250510331	0	1564
1.6232492903979	1	1565
1.7481880270062	0	1566
1.9731278535997	0	1567
1.34242268082221	0	1568
0.954242509439325	0	1569
1.68124123737559	0	1570
1.44715803134222	0	1571
1.568201724067	0	1572
2.13987908640124	1	1573
1.07918124604762	0	1574
1.69897000433602	0	1575
1.20411998265592	0	1576
1.39794000867204	1	1577
1.51851393987789	0	1578
1.41497334797082	0	1579
1.55630250076729	0	1580
0.845098040014257	0	1581
1.27875360095283	0	1582
1.20411998265592	0	1583
1.23044892137827	0	1584
0.845098040014257	0	1585
1.04139268515822	1	1586
1.38021124171161	0	1587
0.698970004336019	0	1588
1.57978359661681	0	1589
1.44715803134222	0	1590
1.25527250510331	1	1591
1	0	1592
1.30102999566398	0	1593
1.30102999566398	0	1594
0.903089986991944	0	1595
2.13353890837022	0	1596
1.94448267215017	1	1597
1.25527250510331	1	1598
1.49136169383427	0	1599
1.93449845124357	0	1600
2.00860017176192	1	1601
1.68124123737559	0	1602
0.845098040014257	0	1603
1.46239799789896	1	1604
1.14612803567824	0	1605
1.94939000664491	0	1606
1.04139268515822	0	1607
1.53147891704226	0	1608
1.38021124171161	1	1609
1.85733249643127	1	1610
0.845098040014257	0	1611
2.23552844690755	1	1612
1.43136376415899	0	1613
1.17609125905568	0	1614
1.50514997831991	0	1615
1.32221929473392	0	1616
1.11394335230684	0	1617
1.32221929473392	0	1618
1.20411998265592	1	1619
1.34242268082221	0	1620
0.778151250383644	0	1621
1	0	1622
1.67209785793572	0	1623
0.903089986991944	0	1624
1.30102999566398	0	1625
2.03342375548695	1	1626
1.43136376415899	0	1627
1.74036268949424	0	1628
1.5910646070265	0	1629
1.74036268949424	1	1630
1.04139268515822	0	1631
1.36172783601759	0	1632
1.76342799356294	0	1633
2.25285303097989	0	1634
1.27875360095283	0	1635
1.30102999566398	0	1636
1.99563519459755	1	1637
1.77085201164214	0	1638
1.79934054945358	0	1639
1.04139268515822	0	1640
1.17609125905568	0	1641
1.72427586960079	1	1642
1.14612803567824	0	1643
1.38021124171161	0	1644
2.90848501887865	2	1645
1.04139268515822	0	1646
0.477121254719662	0	1647
1.27875360095283	0	1648
1.32221929473392	1	1649
1.97772360528885	1	1650
3.04493154614916	2	1651
1.73239375982297	0	1652
1.7160033436348	0	1653
1.50514997831991	0	1654
2.45331834004704	1	1655
0.698970004336019	0	1656
0.903089986991944	0	1657
1.96848294855394	0	1658
2.46239799789896	0	1659
1.07918124604762	0	1660
1.94939000664491	0	1661
1.61278385671974	0	1662
2.17609125905568	0	1663
0.954242509439325	0	1664
1.11394335230684	0	1665
1.11394335230684	0	1666
0.845098040014257	0	1667
2.28780172993023	1	1668
1.36172783601759	0	1669
0.602059991327962	0	1670
1.17609125905568	0	1671
1.20411998265592	0	1672
1.93449845124357	1.58496250072116	1673
1.23044892137827	0	1674
1.30102999566398	0	1675
1.07918124604762	0	1676
1.39794000867204	0	1677
1.11394335230684	0	1678
2.07188200730613	0	1679
1.55630250076729	0	1680
2.32837960343874	0	1681
1.34242268082221	0	1682
1	0	1683
1.25527250510331	0	1684
0.954242509439325	1	1685
1.32221929473392	0	1686
1.14612803567824	0	1687
0.698970004336019	0	1688
1.25527250510331	0	1689
0.903089986991944	0	1690
1.50514997831991	1	1691
1.70757017609794	0	1692
1.41497334797082	0	1693
1.93449845124357	1	1694
1.14612803567824	0	1695
1.07918124604762	0	1696
0.602059991327962	0	1697
0.602059991327962	0	1698
1	0	1699
1.17609125905568	0	1700
0.845098040014257	0	1701
1	0	1702
1.17609125905568	0	1703
0.778151250383644	0	1704
1.43136376415899	1	1705
0.845098040014257	0	1706
1.30102999566398	0	1707
1.47712125471966	0	1708
1.04139268515822	0	1709
0.778151250383644	1	1710
1.49136169383427	1	1711
1.20411998265592	0	1712
1.27875360095283	0	1713
1.34242268082221	0	1714
0.698970004336019	0	1715
0.903089986991944	0	1716
1.30102999566398	0	1717
0.954242509439325	0	1718
0.778151250383644	0	1719
1.32221929473392	0	1720
0.778151250383644	0	1721
0.954242509439325	1	1722
0.778151250383644	0	1723
0.698970004336019	0	1724
0.778151250383644	0	1725
0.698970004336019	1	1726
0.698970004336019	0	1727
0.778151250383644	0	1728
0.903089986991944	0	1729
1.14612803567824	0	1730
1.81291335664286	0	1731
1.27875360095283	0	1732
0.602059991327962	0	1733
1.04139268515822	0	1734
0.954242509439325	0	1735
1.04139268515822	0	1736
2.60638136511061	1	1737
1.17609125905568	0	1738
1.568201724067	0	1739
1.86923171973098	0	1740
2.78958071216443	2	1741
0.778151250383644	0	1742
1.65321251377534	0	1743
1.23044892137827	0	1744
0.698970004336019	0	1745
1.04139268515822	0	1746
1.17609125905568	0	1747
1	0	1748
1.32221929473392	0	1749
1.30102999566398	0	1750
1.32221929473392	0	1751
1.95424250943932	1	1752
2.13672056715641	1	1753
1.04139268515822	0	1754
1.76342799356294	0	1755
1.20411998265592	0	1756
0.954242509439325	0	1757
0.778151250383644	0	1758
1.07918124604762	0	1759
1.6232492903979	0	1760
1.60205999132796	0	1761
2.17609125905568	1	1762
1.9912260756925	0	1763
0.602059991327962	0	1764
1	1	1765
1.46239799789896	0	1766
1.51851393987789	0	1767
0.903089986991944	0	1768
1.55630250076729	0	1769
1.25527250510331	0	1770
1.30102999566398	0	1771
1.50514997831991	1	1772
1.11394335230684	0	1773
2.07918124604762	1	1774
1.68124123737559	0	1775
1.6232492903979	1	1776
2.35602585719312	1	1777
1	0	1778
1	0	1779
1.25527250510331	0	1780
1	0	1781
1.11394335230684	0	1782
1.04139268515822	0	1783
0.903089986991944	0	1784
2.43775056282039	1	1785
1.51851393987789	0	1786
1.23044892137827	0	1787
1.49136169383427	1	1788
2.14921911265538	1	1789
0.778151250383644	1	1790
0.845098040014257	0	1791
0.845098040014257	0	1792
1	0	1793
0.698970004336019	0	1794
0.845098040014257	0	1795
1.44715803134222	0	1796
1.34242268082221	0	1797
0.954242509439325	0	1798
1.6232492903979	0	1799
2.17609125905568	1	1800
1.57978359661681	1	1801
2.16731733474818	1.58496250072116	1802
1.92427928606188	0	1803
2.55266821611219	0	1804
0.602059991327962	0	1805
1.04139268515822	0	1806
0.778151250383644	0	1807
0.845098040014257	0	1808
0.602059991327962	0	1809
0.778151250383644	0	1810
0.778151250383644	0	1811
1.04139268515822	1	1812
1.51851393987789	0	1813
0.845098040014257	1	1814
1.64345267648619	0	1815
1.07918124604762	0	1816
1.7481880270062	1	1817
1.43136376415899	1.58496250072116	1818
0.845098040014257	0	1819
2.0899051114394	0	1820
1.34242268082221	0	1821
1.81954393554187	0	1822
1.64345267648619	0	1823
1.39794000867204	0	1824
0.954242509439325	0	1825
1.23044892137827	0	1826
0.698970004336019	0	1827
1.23044892137827	0	1828
1.54406804435028	0	1829
1.92427928606188	1	1830
1.27875360095283	0	1831
1.55630250076729	0	1832
1	0	1833
1.23044892137827	0	1834
1.11394335230684	0	1835
0.903089986991944	0	1836
1.04139268515822	1	1837
1.07918124604762	0	1838
0.602059991327962	0	1839
1.38021124171161	1	1840
0.845098040014257	0	1841
1.66275783168157	0	1842
1.6232492903979	0	1843
1.7160033436348	0	1844
0.845098040014257	0	1845
0.845098040014257	0	1846
0.698970004336019	1	1847
2.04532297878666	0	1848
1.04139268515822	0	1849
1.04139268515822	0	1850
0.954242509439325	0	1851
0.778151250383644	0	1852
1.38021124171161	0	1853
1.14612803567824	1	1854
0.778151250383644	0	1855
0.602059991327962	0	1856
1.17609125905568	0	1857
0.602059991327962	0	1858
1.23044892137827	0	1859
1.04139268515822	0	1860
1.17609125905568	1	1861
0.954242509439325	0	1862
1.32221929473392	1	1863
2.09342168516224	0	1864
1.70757017609794	1	1865
0.954242509439325	1	1866
1.36172783601759	0	1867
1.38021124171161	0	1868
1.38021124171161	0	1869
1.07918124604762	0	1870
1.04139268515822	0	1871
1.07918124604762	0	1872
1.20411998265592	0	1873
1.39794000867204	0	1874
1.14612803567824	0	1875
1.64345267648619	0	1876
0.602059991327962	0	1877
1.36172783601759	0	1878
0.477121254719662	0	1879
0.602059991327962	0	1880
0.602059991327962	0	1881
0.602059991327962	0	1882
0.778151250383644	0	1883
0.903089986991944	0	1884
1.43136376415899	0	1885
1.46239799789896	0	1886
2.02938377768521	0	1887
1.34242268082221	0	1888
1.41497334797082	1	1889
0.602059991327962	0	1890
1.07918124604762	0	1891
0.845098040014257	0	1892
2.43616264704076	0	1893
0.903089986991944	0	1894
1.65321251377534	1	1895
1.38021124171161	0	1896
1.76342799356294	1	1897
1.7481880270062	0	1898
1.32221929473392	0	1899
1.82607480270083	0	1900
0.778151250383644	0	1901
1.11394335230684	0	1902
1.36172783601759	0	1903
0.698970004336019	0	1904
0.845098040014257	0	1905
1.11394335230684	0	1906
2.16435285578444	0	1907
0.698970004336019	0	1908
0.698970004336019	1	1909
0.845098040014257	0	1910
0.903089986991944	1	1911
1.14612803567824	0	1912
0.903089986991944	0	1913
1.5910646070265	1	1914
1.27875360095283	0	1915
1	0	1916
1.20411998265592	0	1917
1.39794000867204	0	1918
1.17609125905568	0	1919
0	0	1920
1.23044892137827	0	1921
0.954242509439325	0	1922
1.30102999566398	0	1923
1.17609125905568	0	1924
1.36172783601759	0	1925
1.25527250510331	0	1926
1.34242268082221	0	1927
1.5910646070265	0	1928
1.79239168949825	1	1929
1.41497334797082	1	1930
1.75587485567249	0	1931
1.07918124604762	0	1932
0.954242509439325	0	1933
0.698970004336019	0	1934
1.30102999566398	0	1935
0.954242509439325	0	1936
1.23044892137827	0	1937
1.30102999566398	0	1938
0.778151250383644	0	1939
1.04139268515822	0	1940
1.72427586960079	0	1941
1.51851393987789	0	1942
2.85186960072977	1	1943
0.845098040014257	0	1944
1.54406804435028	0	1945
0.698970004336019	0	1946
0.778151250383644	0	1947
1.11394335230684	1	1948
0.477121254719662	0	1949
0.477121254719662	0	1950
1.07918124604762	0	1951
1.43136376415899	0	1952
1.14612803567824	0	1953
1.14612803567824	0	1954
1.38021124171161	0	1955
0.845098040014257	0	1956
1.36172783601759	0	1957
1.20411998265592	0	1958
1	0	1959
0.778151250383644	0	1960
0.698970004336019	0	1961
1.07918124604762	0	1962
1.91907809237607	1	1963
1.51851393987789	0	1964
2.01283722470517	0	1965
2.48000694295715	0	1966
3.6036855496147	2	1967
1.79239168949825	0	1968
1.49136169383427	0	1969
1.04139268515822	0	1970
2.43775056282039	1	1971
1.20411998265592	0	1972
2.44715803134222	1	1973
2.21748394421391	1	1974
0.698970004336019	0	1975
1.44715803134222	1	1976
0.954242509439325	0	1977
1.67209785793572	0	1978
1	0	1979
1.11394335230684	0	1980
1.20411998265592	0	1981
1.38021124171161	0	1982
0.954242509439325	0	1983
1.27875360095283	0	1984
1.43136376415899	0	1985
1.11394335230684	0	1986
1.34242268082221	0	1987
0.903089986991944	0	1988
0.477121254719662	0	1989
0	0	1990
0.845098040014257	0	1991
1.38021124171161	1	1992
1.07918124604762	0	1993
1.8750612633917	2	1994
1.5910646070265	0	1995
1.23044892137827	0	1996
1.79239168949825	0	1997
1.11394335230684	0	1998
1.07918124604762	0	1999
2.51054501020661	1	2000
1.14612803567824	1	2001
1.41497334797082	0	2002
1.44715803134222	0	2003
1.11394335230684	1.58496250072116	2004
0.698970004336019	0	2005
0.778151250383644	0	2006
0.778151250383644	0	2007
1.04139268515822	0	2008
0.602059991327962	0	2009
1.14612803567824	0	2010
1.04139268515822	0	2011
1.568201724067	1	2012
0.778151250383644	0	2013
1	1	2014
1.17609125905568	0	2015
1	0	2016
1.07918124604762	0	2017
1	0	2018
0.903089986991944	0	2019
0.954242509439325	0	2020
1.07918124604762	0	2021
0.698970004336019	0	2022
1.20411998265592	0	2023
1.23044892137827	1	2024
1.55630250076729	0	2025
1.30102999566398	0	2026
1.46239799789896	1	2027
0.954242509439325	0	2028
0.845098040014257	0	2029
1.17609125905568	0	2030
0.698970004336019	0	2031
1.04139268515822	1	2032
0.903089986991944	1	2033
0.903089986991944	0	2034
0.903089986991944	0	2035
1.50514997831991	0	2036
0.903089986991944	0	2037
0.954242509439325	0	2038
1.32221929473392	2	2039
0.778151250383644	1	2040
0.602059991327962	0	2041
0.778151250383644	0	2042
1	0	2043
1	0	2044
0.602059991327962	0	2045
1.32221929473392	0	2046
1.27875360095283	1	2047
1.36172783601759	0	2048
0.903089986991944	0	2049
0.903089986991944	0	2050
1.25527250510331	0	2051
1.14612803567824	0	2052
0.845098040014257	0	2053
0.845098040014257	0	2054
1.14612803567824	0	2055
1.17609125905568	0	2056
0.845098040014257	1	2057
0.698970004336019	0	2058
1.30102999566398	0	2059
0.602059991327962	0	2060
0.602059991327962	0	2061
0.903089986991944	0	2062
1.07918124604762	0	2063
0.698970004336019	0	2064
1.14612803567824	0	2065
0.954242509439325	0	2066
0.845098040014257	0	2067
1.77085201164214	0	2068
1.20411998265592	0	2069
0.602059991327962	0	2070
0.602059991327962	0	2071
0.602059991327962	0	2072
0.602059991327962	0	2073
0.602059991327962	0	2074
0.602059991327962	0	2075
0.602059991327962	0	2076
0.602059991327962	0	2077
1.83884909073726	1	2078
1.25527250510331	0	2079
0.954242509439325	0	2080
0.954242509439325	0	2081
0.778151250383644	0	2082
1.23044892137827	0	2083
1.74036268949424	0	2084
1.25527250510331	0	2085
1.04139268515822	0	2086
0.778151250383644	1	2087
1.17609125905568	0	2088
0.954242509439325	0	2089
1.14612803567824	0	2090
1.36172783601759	0	2091
0.954242509439325	0	2092
0.903089986991944	1	2093
0.778151250383644	0	2094
1	0	2095
1	0	2096
0.845098040014257	0	2097
1.04139268515822	0	2098
0.903089986991944	0	2099
0.698970004336019	0	2100
1.41497334797082	0	2101
1.07918124604762	0	2102
0.698970004336019	0	2103
1.20411998265592	0	2104
0.477121254719662	0	2105
1.43136376415899	0	2106
1.17609125905568	0	2107
1.86923171973098	1	2108
1.32221929473392	0	2109
1.70757017609794	0	2110
1.72427586960079	0	2111
1.20411998265592	0	2112
0.903089986991944	0	2113
1.11394335230684	0	2114
1.88649072517248	1	2115
0.845098040014257	0	2116
1.27875360095283	0	2117
1.44715803134222	1	2118
2.28780172993023	1	2119
0.698970004336019	0	2120
1.20411998265592	0	2121
1	1	2122
0.903089986991944	0	2123
1.04139268515822	0	2124
1.20411998265592	0	2125
1.11394335230684	1	2126
1.30102999566398	0	2127
1.38021124171161	1	2128
1.86923171973098	0	2129
1.7160033436348	0	2130
1.14612803567824	0	2131
0.903089986991944	0	2132
1.20411998265592	0	2133
1.78532983501077	0	2134
2.03742649794062	0	2135
1.86332286012046	0	2136
1.14612803567824	0	2137
0.903089986991944	0	2138
1.99563519459755	1	2139
0.698970004336019	0	2140
0.845098040014257	0	2141
1	0	2142
1.11394335230684	0	2143
1.53147891704226	0	2144
0.698970004336019	0	2145
1.30102999566398	0	2146
1.04139268515822	0	2147
1.39794000867204	1	2148
1.20411998265592	0	2149
0.903089986991944	0	2150
1.61278385671974	0	2151
1.568201724067	0	2152
1.04139268515822	0	2153
0.602059991327962	0	2154
0.477121254719662	0	2155
1	0	2156
0.477121254719662	0	2157
0.477121254719662	0	2158
0.477121254719662	0	2159
1.14612803567824	0	2160
0.698970004336019	0	2161
0.698970004336019	0	2162
0.778151250383644	0	2163
1.07918124604762	0	2164
0.845098040014257	0	2165
0.845098040014257	0	2166
1.04139268515822	0	2167
0.778151250383644	0	2168
1.30102999566398	0	2169
2.11058971029925	0	2170
2.30749603791321	0	2171
0.903089986991944	1	2172
1.36172783601759	0	2173
1	1	2174
1.78532983501077	0	2175
1.14612803567824	0	2176
1.25527250510331	1	2177
1.43136376415899	0	2178
0.602059991327962	0	2179
1	0	2180
1.14612803567824	0	2181
1.07918124604762	0	2182
0.698970004336019	0	2183
1.04139268515822	0	2184
1.36172783601759	0	2185
0.602059991327962	0	2186
1	0	2187
1.81291335664286	0	2188
0.698970004336019	0	2189
0.954242509439325	0	2190
1.69897000433602	0	2191
1.25527250510331	0	2192
1.38021124171161	0	2193
0.778151250383644	0	2194
0.845098040014257	0	2195
1.11394335230684	0	2196
0.778151250383644	0	2197
1.07918124604762	0	2198
1.11394335230684	0	2199
1.23044892137827	0	2200
0.778151250383644	0	2201
0.778151250383644	0	2202
1.32221929473392	0	2203
0.845098040014257	1	2204
1.07918124604762	1	2205
0.903089986991944	0	2206
1.54406804435028	1	2207
0.903089986991944	0	2208
1.57978359661681	0	2209
1.50514997831991	0	2210
1.07918124604762	0	2211
1.07918124604762	1	2212
1.25527250510331	0	2213
0.778151250383644	0	2214
1.38021124171161	1.58496250072116	2215
1.86923171973098	0	2216
1.84509804001426	0	2217
1	0	2218
2.22788670461367	0	2219
0.778151250383644	1	2220
1.14612803567824	0	2221
0.602059991327962	0	2222
0.602059991327962	0	2223
0.602059991327962	1	2224
0.602059991327962	1	2225
0.602059991327962	0	2226
0.778151250383644	0	2227
0.778151250383644	0	2228
0.845098040014257	0	2229
1.54406804435028	0	2230
1.67209785793572	0	2231
0.477121254719662	0	2232
0.477121254719662	0	2233
1.04139268515822	0	2234
0.778151250383644	0	2235
0.698970004336019	0	2236
1.25527250510331	0	2237
1	0	2238
1	0	2239
0.778151250383644	0	2240
1	0	2241
0.698970004336019	0	2242
0.602059991327962	0	2243
0.602059991327962	0	2244
0.602059991327962	1	2245
2.00860017176192	0	2246
1.39794000867204	0	2247
1.90308998699194	0	2248
2.21218760440396	0	2249
1.04139268515822	0	2250
1.51851393987789	0	2251
1.23044892137827	0	2252
0.778151250383644	0	2253
0.778151250383644	0	2254
1.60205999132796	0	2255
0.903089986991944	0	2256
0.477121254719662	0	2257
1.07918124604762	0	2258
1.27875360095283	1	2259
1.11394335230684	0	2260
0.477121254719662	0	2261
0.698970004336019	0	2262
0.954242509439325	0	2263
2.19033169817029	0	2264
0.477121254719662	0	2265
0.845098040014257	0	2266
1.04139268515822	0	2267
1.14612803567824	0	2268
0.845098040014257	0	2269
1.568201724067	0	2270
1.90848501887865	1	2271
1.98677173426624	0	2272
1.61278385671974	1	2273
0.778151250383644	0	2274
1.55630250076729	0	2275
0.778151250383644	0	2276
1.04139268515822	0	2277
0.698970004336019	1	2278
1.32221929473392	0	2279
1.79239168949825	0	2280
1	1	2281
1.04139268515822	0	2282
0.845098040014257	0	2283
0.698970004336019	0	2284
1.41497334797082	0	2285
1.04139268515822	0	2286
1.63346845557959	1	2287
0.903089986991944	0	2288
1.07918124604762	1	2289
0.954242509439325	1.58496250072116	2290
0.778151250383644	0	2291
0.954242509439325	0	2292
1	0	2293
1.44715803134222	0	2294
1.04139268515822	1	2295
1.04139268515822	0	2296
0.477121254719662	0	2297
1.11394335230684	0	2298
1.79239168949825	0	2299
1.67209785793572	0	2300
2.15228834438306	1	2301
1.17609125905568	0	2302
1.74036268949424	0	2303
1.83250891270624	1	2304
1.63346845557959	0	2305
2.568201724067	2	2306
1.78532983501077	1	2307
0.602059991327962	0	2308
0.845098040014257	1	2309
1.39794000867204	0	2310
0.698970004336019	1	2311
1.20411998265592	1	2312
1.14612803567824	0	2313
1.61278385671974	0	2314
1.46239799789896	0	2315
2.09342168516224	0	2316
0.845098040014257	0	2317
1.47712125471966	0	2318
0.903089986991944	0	2319
0.698970004336019	0	2320
0.602059991327962	0	2321
0.698970004336019	1	2322
2.14921911265538	0	2323
0.845098040014257	0	2324
1.25527250510331	0	2325
0.602059991327962	0	2326
0.954242509439325	0	2327
1.07918124604762	0	2328
0.954242509439325	0	2329
0.698970004336019	1	2330
1.07918124604762	0	2331
2.01703333929878	0	2332
1.78532983501077	0	2333
1.63346845557959	0	2334
1.86332286012046	1	2335
1.23044892137827	0	2336
1.6232492903979	0	2337
1.14612803567824	0	2338
0.903089986991944	0	2339
1.11394335230684	0	2340
0.477121254719662	0	2341
0.903089986991944	0	2342
1.97772360528885	2	2343
1.11394335230684	0	2344
1.66275783168157	1	2345
0.477121254719662	0	2346
0.954242509439325	0	2347
0.602059991327962	0	2348
0.903089986991944	0	2349
0.903089986991944	0	2350
1.72427586960079	0	2351
1.30102999566398	1	2352
1.23044892137827	1	2353
1.50514997831991	0	2354
1.07918124604762	0	2355
1.43136376415899	1.58496250072116	2356
0.903089986991944	0	2357
0.903089986991944	0	2358
1.66275783168157	0	2359
1.34242268082221	0	2360
1.25527250510331	1	2361
1.60205999132796	0	2362
0.477121254719662	0	2363
0.698970004336019	0	2364
1.30102999566398	0	2365
0.602059991327962	0	2366
0.477121254719662	0	2367
1.5910646070265	0	2368
1.07918124604762	0	2369
1.36172783601759	0	2370
1.68124123737559	1	2371
0.698970004336019	0	2372
0.602059991327962	0	2373
2.09342168516224	1	2374
1.69019608002851	1	2375
0.477121254719662	0	2376
0.903089986991944	0	2377
1.23044892137827	0	2378
0.698970004336019	0	2379
1.20411998265592	0	2380
1.27875360095283	0	2381
1.14612803567824	0	2382
1.47712125471966	0	2383
0.954242509439325	0	2384
0.903089986991944	0	2385
0.778151250383644	0	2386
1.34242268082221	0	2387
0.778151250383644	0	2388
1.14612803567824	1	2389
1.04139268515822	0	2390
1.27875360095283	0	2391
2.08278537031645	0	2392
0.954242509439325	0	2393
0.778151250383644	0	2394
1.32221929473392	0	2395
0.903089986991944	0	2396
1.14612803567824	1	2397
1.20411998265592	0	2398
1	0	2399
2.41995574848976	1.58496250072116	2400
0.845098040014257	0	2401
1	0	2402
1.23044892137827	0	2403
1.54406804435028	2	2404
0.477121254719662	0	2405
0.778151250383644	0	2406
2.37106786227174	2	2407
1.07918124604762	0	2408
1.81291335664286	0	2409
1.38021124171161	0	2410
1.53147891704226	0	2411
2	0	2412
0.845098040014257	0	2413
0.845098040014257	0	2414
1.41497334797082	0	2415
1.36172783601759	0	2416
2.10380372095596	0	2417
1.39794000867204	0	2418
1.23044892137827	0	2419
0.698970004336019	0	2420
1.51851393987789	1	2421
1.47712125471966	0	2422
1.50514997831991	1	2423
1.17609125905568	0	2424
1.53147891704226	0	2425
1.20411998265592	0	2426
1.25527250510331	0	2427
1.04139268515822	0	2428
1.04139268515822	0	2429
1	0	2430
1.20411998265592	1	2431
1.20411998265592	0	2432
0.778151250383644	0	2433
1.25527250510331	1	2434
0.477121254719662	0	2435
0.903089986991944	1	2436
1.61278385671974	0	2437
1	0	2438
1.39794000867204	1	2439
1.39794000867204	0	2440
1.51851393987789	1	2441
1.60205999132796	0	2442
0.778151250383644	0	2443
0.954242509439325	1	2444
1.07918124604762	0	2445
1.07918124604762	0	2446
0.954242509439325	1	2447
0.477121254719662	0	2448
1.20411998265592	0	2449
1.79239168949825	1	2450
0.301029995663981	0	2451
0.903089986991944	0	2452
1.07918124604762	0	2453
1.84509804001426	0	2454
1.69897000433602	1	2455
1.32221929473392	0	2456
0.778151250383644	0	2457
1.44715803134222	0	2458
0.477121254719662	0	2459
0.845098040014257	0	2460
0.778151250383644	0	2461
1.54406804435028	0	2462
0.778151250383644	0	2463
0.602059991327962	0	2464
0.903089986991944	0	2465
1.17609125905568	1	2466
1.57978359661681	1	2467
0.602059991327962	0	2468
1.17609125905568	0	2469
0.477121254719662	0	2470
0.698970004336019	0	2471
1.7160033436348	1	2472
1	0	2473
1.23044892137827	0	2474
1.91381385238372	0	2475
0.602059991327962	0	2476
0.698970004336019	0	2477
0.845098040014257	0	2478
1.25527250510331	1	2479
0.778151250383644	0	2480
1.76342799356294	2	2481
1.20411998265592	0	2482
1.44715803134222	1	2483
0.477121254719662	0	2484
0.477121254719662	0	2485
0.477121254719662	0	2486
0.602059991327962	0	2487
0.602059991327962	0	2488
0.602059991327962	0	2489
0.602059991327962	1	2490
0.602059991327962	0	2491
0.602059991327962	1	2492
0.602059991327962	0	2493
1.11394335230684	0	2494
1.65321251377534	0	2495
0.903089986991944	0	2496
0.602059991327962	0	2497
0.698970004336019	0	2498
1.68124123737559	0	2499
1.61278385671974	0	2500
1.07918124604762	0	2501
1.14612803567824	0	2502
1.65321251377534	1	2503
1.04139268515822	0	2504
0.602059991327962	0	2505
1.61278385671974	0	2506
1.17609125905568	0	2507
1.5910646070265	1.58496250072116	2508
1	0	2509
1.25527250510331	0	2510
1.07918124604762	0	2511
0.477121254719662	0	2512
0.698970004336019	0	2513
0.602059991327962	0	2514
0.845098040014257	0	2515
0.778151250383644	0	2516
1.38021124171161	0	2517
0.602059991327962	0	2518
0.477121254719662	0	2519
0.778151250383644	0	2520
1.25527250510331	0	2521
0.778151250383644	0	2522
0.698970004336019	0	2523
0.778151250383644	0	2524
0.845098040014257	0	2525
1.17609125905568	0	2526
1.11394335230684	1.58496250072116	2527
0.903089986991944	0	2528
0.903089986991944	0	2529
0.602059991327962	0	2530
2.50650503240487	1.58496250072116	2531
0.698970004336019	0	2532
1.27875360095283	0	2533
0.698970004336019	0	2534
1.79239168949825	0	2535
0.698970004336019	0	2536
0.477121254719662	0	2537
1.04139268515822	0	2538
2.51719589794997	0	2539
1.95904139232109	1	2540
1.27875360095283	0	2541
0.602059991327962	0	2542
1.34242268082221	0	2543
1.38021124171161	1	2544
1.51851393987789	0	2545
0.903089986991944	0	2546
0.903089986991944	0	2547
1.07918124604762	0	2548
1.14612803567824	0	2549
1.73239375982297	0	2550
1.25527250510331	0	2551
1.49136169383427	0	2552
0.903089986991944	0	2553
1.14612803567824	2	2554
0.778151250383644	0	2555
2.39794000867204	0	2556
0.845098040014257	0	2557
1	0	2558
0.903089986991944	0	2559
0.954242509439325	0	2560
1.17609125905568	0	2561
0.954242509439325	0	2562
0.698970004336019	0	2563
1.39794000867204	0	2564
2.17318626841227	0	2565
0.698970004336019	0	2566
0.602059991327962	0	2567
1.41497334797082	0	2568
1.27875360095283	0	2569
1.23044892137827	1	2570
1.34242268082221	0	2571
1.50514997831991	0	2572
2.45178643552429	2	2573
1.44715803134222	0	2574
2.01283722470517	1	2575
0.903089986991944	0	2576
0.903089986991944	0	2577
0.845098040014257	0	2578
0.698970004336019	0	2579
0.845098040014257	0	2580
1.78532983501077	0	2581
1.41497334797082	0	2582
1.30102999566398	0	2583
0.602059991327962	0	2584
1.20411998265592	0	2585
1	0	2586
2.05690485133647	0	2587
0.698970004336019	0	2588
1.80617997398389	0	2589
1.14612803567824	0	2590
1.04139268515822	0	2591
1.27875360095283	0	2592
1	0	2593
0.698970004336019	0	2594
1.92427928606188	0	2595
1.34242268082221	0	2596
0.903089986991944	0	2597
0.602059991327962	1	2598
1.04139268515822	0	2599
0.602059991327962	0	2600
1.14612803567824	0	2601
1.07918124604762	0	2602
1.11394335230684	0	2603
1.41497334797082	0	2604
1.89762709129044	1	2605
0.954242509439325	0	2606
0.845098040014257	1	2607
1.11394335230684	0	2608
0.698970004336019	0	2609
1.14612803567824	0	2610
1.11394335230684	1	2611
0.698970004336019	0	2612
0.903089986991944	0	2613
1.64345267648619	0	2614
1.25527250510331	0	2615
1.04139268515822	0	2616
1.17609125905568	0	2617
1.74036268949424	1	2618
2.00860017176192	0	2619
1.30102999566398	0	2620
0.903089986991944	0	2621
0.698970004336019	0	2622
1.20411998265592	1	2623
1.27875360095283	0	2624
0.602059991327962	0	2625
0.698970004336019	0	2626
0.778151250383644	0	2627
1.49136169383427	0	2628
2.20411998265593	1.58496250072116	2629
0.778151250383644	0	2630
0.954242509439325	0	2631
0.845098040014257	0	2632
1.20411998265592	0	2633
0.698970004336019	0	2634
1.39794000867204	1	2635
0.602059991327962	0	2636
1.32221929473392	0	2637
1.07918124604762	0	2638
1	0	2639
0.845098040014257	0	2640
1.07918124604762	0	2641
0.698970004336019	0	2642
2.67117284271508	1	2643
0.698970004336019	0	2644
1.20411998265592	0	2645
0.698970004336019	0	2646
1.32221929473392	0	2647
0.698970004336019	0	2648
0.698970004336019	0	2649
0.698970004336019	1	2650
0.954242509439325	0	2651
1.73239375982297	0	2652
1.64345267648619	1	2653
0.698970004336019	1	2654
1.76342799356294	0	2655
1.11394335230684	0	2656
0.602059991327962	0	2657
0.845098040014257	0	2658
1.23044892137827	0	2659
1	0	2660
1.32221929473392	0	2661
0.778151250383644	0	2662
2.21748394421391	1	2663
1.23044892137827	1	2664
1.32221929473392	1	2665
1.55630250076729	0	2666
0.903089986991944	0	2667
0.477121254719662	0	2668
0.477121254719662	0	2669
0.477121254719662	0	2670
0.778151250383644	0	2671
0.698970004336019	0	2672
1	0	2673
1.11394335230684	0	2674
1.04139268515822	0	2675
1.04139268515822	0	2676
0.903089986991944	0	2677
0.602059991327962	0	2678
1.66275783168157	0	2679
0.903089986991944	0	2680
0.778151250383644	1	2681
2.31806333496276	0	2682
1.95424250943932	0	2683
1.63346845557959	0	2684
0.845098040014257	0	2685
0.903089986991944	0	2686
1	0	2687
0.778151250383644	0	2688
1.36172783601759	0	2689
0.954242509439325	0	2690
1.72427586960079	1	2691
0.903089986991944	0	2692
0.602059991327962	0	2693
0.954242509439325	0	2694
0.845098040014257	0	2695
0.845098040014257	0	2696
0.602059991327962	0	2697
1.04139268515822	0	2698
1.68124123737559	0	2699
0.954242509439325	0	2700
1.25527250510331	0	2701
1	0	2702
3.66782637895071	2.58496250072116	2703
1.07918124604762	0	2704
1.53147891704226	0	2705
0.845098040014257	0	2706
0.845098040014257	0	2707
1.51851393987789	0	2708
1.20411998265592	0	2709
1.27875360095283	0	2710
1.43136376415899	0	2711
0.698970004336019	0	2712
0.698970004336019	0	2713
1	0	2714
1	0	2715
1.43136376415899	1	2716
0.602059991327962	0	2717
1.36172783601759	0	2718
1.53147891704226	0	2719
1.20411998265592	0	2720
2.13672056715641	1	2721
1.43136376415899	0	2722
2.0899051114394	1	2723
1.32221929473392	1	2724
1.93449845124357	1	2725
1.25527250510331	0	2726
1.11394335230684	0	2727
0.954242509439325	0	2728
1.04139268515822	0	2729
1.30102999566398	0	2730
0.698970004336019	0	2731
1.32221929473392	0	2732
0.602059991327962	0	2733
0.698970004336019	0	2734
1.27875360095283	0	2735
0.698970004336019	0	2736
0.477121254719662	0	2737
0.778151250383644	0	2738
1.49136169383427	0	2739
0.845098040014257	0	2740
1	1	2741
0.778151250383644	0	2742
1.36172783601759	1	2743
0.698970004336019	0	2744
1.39794000867204	0	2745
1	0	2746
0.698970004336019	0	2747
1.04139268515822	0	2748
1.55630250076729	1	2749
0.602059991327962	0	2750
0.845098040014257	0	2751
0.903089986991944	0	2752
0.698970004336019	0	2753
1.39794000867204	1	2754
1.27875360095283	0	2755
0.698970004336019	0	2756
0.477121254719662	0	2757
0.477121254719662	1	2758
0.477121254719662	0	2759
0.477121254719662	0	2760
0.477121254719662	0	2761
0	0	2762
0.477121254719662	0	2763
0.477121254719662	0	2764
0.477121254719662	0	2765
0.477121254719662	1	2766
0.477121254719662	0	2767
1.14612803567824	0	2768
1.07918124604762	0	2769
1.30102999566398	0	2770
1.04139268515822	0	2771
1.14612803567824	1	2772
2.30102999566398	1	2773
0.778151250383644	0	2774
0.903089986991944	0	2775
1.07918124604762	0	2776
0.778151250383644	0	2777
0.954242509439325	0	2778
1.27875360095283	0	2779
0.778151250383644	0	2780
1.11394335230684	0	2781
0.845098040014257	0	2782
0.602059991327962	0	2783
1.17609125905568	0	2784
1.07918124604762	0	2785
1.32221929473392	0	2786
1.07918124604762	0	2787
0.778151250383644	0	2788
0.845098040014257	0	2789
1.90848501887865	0	2790
0.698970004336019	0	2791
1.20411998265592	0	2792
0.602059991327962	0	2793
1.68124123737559	1	2794
1	1	2795
2.15533603746506	0	2796
0.477121254719662	0	2797
1.23044892137827	0	2798
1.32221929473392	1	2799
1	0	2800
1.39794000867204	0	2801
1.41497334797082	0	2802
1.27875360095283	0	2803
0.954242509439325	0	2804
0.903089986991944	0	2805
1.89209460269048	1	2806
0.477121254719662	0	2807
2.43616264704076	1	2808
1.36172783601759	0	2809
0.778151250383644	0	2810
1.89209460269048	0	2811
0.903089986991944	0	2812
0.698970004336019	0	2813
2.16435285578444	1	2814
0.698970004336019	0	2815
1.36172783601759	0	2816
1.38021124171161	0	2817
0.778151250383644	0	2818
0.845098040014257	0	2819
1.27875360095283	0	2820
0	0	2821
0.698970004336019	0	2822
1.17609125905568	0	2823
0.602059991327962	0	2824
0.903089986991944	0	2825
1.04139268515822	0	2826
0.903089986991944	0	2827
1.23044892137827	0	2828
1.89762709129044	0	2829
1.11394335230684	0	2830
1.85733249643127	0	2831
0.602059991327962	0	2832
0.698970004336019	0	2833
0.845098040014257	1	2834
1.04139268515822	0	2835
0.954242509439325	0	2836
2.79448804665917	0	2837
0.778151250383644	0	2838
0.845098040014257	0	2839
1.17609125905568	0	2840
1.47712125471966	0	2841
0.698970004336019	0	2842
0.602059991327962	0	2843
0.698970004336019	0	2844
0.602059991327962	0	2845
1.55630250076729	1	2846
1.85125834871908	0	2847
0.954242509439325	0	2848
1.7481880270062	1	2849
0.903089986991944	0	2850
1.07918124604762	1	2851
1.14612803567824	0	2852
0.477121254719662	0	2853
1.14612803567824	0	2854
1.07918124604762	0	2855
2.33243845991561	0	2856
0.602059991327962	0	2857
0.903089986991944	1	2858
0.954242509439325	0	2859
1.23044892137827	0	2860
0.903089986991944	0	2861
0.477121254719662	0	2862
1.23044892137827	0	2863
1.07918124604762	0	2864
0.778151250383644	0	2865
0.903089986991944	0	2866
1	0	2867
1.72427586960079	0	2868
1.46239799789896	0	2869
0.954242509439325	0	2870
0.954242509439325	0	2871
0.903089986991944	0	2872
1.46239799789896	0	2873
0.477121254719662	0	2874
1.32221929473392	1	2875
0.602059991327962	0	2876
1.27875360095283	0	2877
1.43136376415899	0	2878
0.602059991327962	0	2879
1.38021124171161	0	2880
1	0	2881
0.903089986991944	0	2882
0.602059991327962	0	2883
0.845098040014257	0	2884
0.602059991327962	0	2885
1.30102999566398	0	2886
0.778151250383644	0	2887
0.954242509439325	0	2888
0.845098040014257	0	2889
0.602059991327962	0	2890
0.903089986991944	0	2891
1.04139268515822	0	2892
1.04139268515822	0	2893
1.07918124604762	1	2894
1.07918124604762	0	2895
1.20411998265592	0	2896
0.845098040014257	0	2897
0.845098040014257	0	2898
0.903089986991944	0	2899
0.903089986991944	0	2900
1.04139268515822	1	2901
0.778151250383644	0	2902
0.778151250383644	0	2903
0.698970004336019	0	2904
0.477121254719662	0	2905
1.91381385238372	1	2906
1	0	2907
0.845098040014257	0	2908
0.602059991327962	0	2909
1.43136376415899	1	2910
0.698970004336019	0	2911
0.477121254719662	0	2912
1.96378782734556	0	2913
1.11394335230684	0	2914
1	0	2915
0.698970004336019	0	2916
1.6232492903979	0	2917
1	1	2918
0.903089986991944	0	2919
0.954242509439325	0	2920
0.602059991327962	0	2921
0.778151250383644	0	2922
1.44715803134222	0	2923
1	0	2924
0.778151250383644	0	2925
0.903089986991944	0	2926
0.903089986991944	0	2927
1	0	2928
1.51851393987789	0	2929
1.30102999566398	0	2930
0.698970004336019	0	2931
0.477121254719662	0	2932
1.30102999566398	0	2933
0.698970004336019	0	2934
0.477121254719662	0	2935
0.954242509439325	0	2936
1.14612803567824	0	2937
1.89762709129044	0	2938
1.99563519459755	0	2939
1.20411998265592	1	2940
1.07918124604762	1	2941
0.778151250383644	0	2942
0.698970004336019	0	2943
0.845098040014257	0	2944
0.301029995663981	0	2945
1	0	2946
2.58658730467176	0	2947
0.477121254719662	0	2948
1.17609125905568	1	2949
0.903089986991944	0	2950
0.954242509439325	0	2951
0.602059991327962	0	2952
1.04139268515822	0	2953
1.14612803567824	0	2954
0.698970004336019	0	2955
1.20411998265592	0	2956
0.778151250383644	0	2957
0.698970004336019	0	2958
1.04139268515822	0	2959
0.954242509439325	0	2960
1.53147891704226	1	2961
1.34242268082221	0	2962
1.69897000433602	0	2963
0.778151250383644	0	2964
0.698970004336019	0	2965
0.477121254719662	0	2966
0.845098040014257	0	2967
1.30102999566398	1	2968
1	0	2969
0.698970004336019	0	2970
1.04139268515822	0	2971
0.903089986991944	0	2972
1.17609125905568	0	2973
1.568201724067	0	2974
2.20139712432045	1	2975
1.27875360095283	0	2976
0.903089986991944	0	2977
0.698970004336019	0	2978
1.88649072517248	0	2979
0.698970004336019	0	2980
1.70757017609794	0	2981
1.69897000433602	1	2982
1.23044892137827	0	2983
1.57978359661681	1	2984
1.55630250076729	1	2985
0.602059991327962	0	2986
2.13353890837022	0	2987
1.07918124604762	0	2988
1.25527250510331	0	2989
1.39794000867204	0	2990
0.477121254719662	0	2991
1.25527250510331	1	2992
2.66275783168157	0	2993
1.20411998265592	1	2994
2.00432137378264	0	2995
1	0	2996
1.25527250510331	1	2997
0.778151250383644	0	2998
0.845098040014257	1	2999
1.27875360095283	0	3000
0.903089986991944	0	3001
0.903089986991944	0	3002
0.602059991327962	0	3003
0.954242509439325	0	3004
0.845098040014257	0	3005
0.778151250383644	0	3006
0.845098040014257	0	3007
1.20411998265592	0	3008
1.17609125905568	0	3009
0.903089986991944	0	3010
1.07918124604762	0	3011
1.27875360095283	1	3012
0.301029995663981	0	3013
0.778151250383644	0	3014
1.04139268515822	0	3015
1.17609125905568	0	3016
1.5910646070265	0	3017
0.845098040014257	0	3018
2.3541084391474	1	3019
1.14612803567824	0	3020
1.77815125038364	0	3021
1.14612803567824	0	3022
1.23044892137827	0	3023
0.301029995663981	0	3024
0.301029995663981	0	3025
0.845098040014257	0	3026
0.845098040014257	0	3027
0.602059991327962	0	3028
0.301029995663981	0	3029
0.903089986991944	0	3030
1.11394335230684	0	3031
0.477121254719662	0	3032
1.04139268515822	0	3033
0.698970004336019	1	3034
0.845098040014257	0	3035
0.903089986991944	0	3036
0.602059991327962	0	3037
1	0	3038
0.301029995663981	0	3039
0.845098040014257	0	3040
0.477121254719662	0	3041
0.477121254719662	0	3042
0.477121254719662	0	3043
0.477121254719662	0	3044
0.477121254719662	0	3045
0.477121254719662	0	3046
0.477121254719662	0	3047
0.477121254719662	0	3048
0.477121254719662	0	3049
0.477121254719662	0	3050
0.477121254719662	0	3051
0.477121254719662	0	3052
0.477121254719662	0	3053
0.477121254719662	0	3054
0.477121254719662	1	3055
0.477121254719662	0	3056
0.477121254719662	0	3057
0.477121254719662	0	3058
1.63346845557959	0	3059
1.39794000867204	1	3060
1.92941892571429	0	3061
0.845098040014257	0	3062
0.477121254719662	0	3063
0.602059991327962	1	3064
0.778151250383644	1	3065
0.698970004336019	0	3066
1.23044892137827	0	3067
0.954242509439325	0	3068
1.11394335230684	0	3069
1.44715803134222	0	3070
1.04139268515822	0	3071
1.25527250510331	0	3072
0.301029995663981	0	3073
0.301029995663981	0	3074
2.14921911265538	0	3075
1.07918124604762	0	3076
0.845098040014257	0	3077
0.602059991327962	0	3078
1.23044892137827	1	3079
0.477121254719662	0	3080
0.845098040014257	0	3081
0.301029995663981	0	3082
1.23044892137827	0	3083
0.845098040014257	1	3084
1.11394335230684	0	3085
1.50514997831991	0	3086
0.954242509439325	0	3087
0.845098040014257	0	3088
1.23044892137827	0	3089
0.845098040014257	0	3090
1.30102999566398	0	3091
0.903089986991944	0	3092
0.954242509439325	0	3093
2.58092497567562	0	3094
1	0	3095
0.845098040014257	0	3096
0.301029995663981	0	3097
0.778151250383644	0	3098
0.778151250383644	0	3099
1.30102999566398	0	3100
2.06445798922692	1	3101
1.43136376415899	0	3102
1.65321251377534	0	3103
1.36172783601759	0	3104
0.954242509439325	1	3105
0.477121254719662	0	3106
1.36172783601759	0	3107
1.568201724067	0	3108
0.477121254719662	0	3109
0.845098040014257	0	3110
0.903089986991944	0	3111
0.903089986991944	0	3112
1.14612803567824	0	3113
1.07918124604762	0	3114
0.903089986991944	0	3115
0.903089986991944	0	3116
0.845098040014257	0	3117
0.954242509439325	0	3118
0.698970004336019	0	3119
0.698970004336019	0	3120
1.23044892137827	0	3121
0.845098040014257	0	3122
0.845098040014257	0	3123
0.903089986991944	0	3124
0.845098040014257	1	3125
1.14612803567824	0	3126
0.301029995663981	0	3127
0.301029995663981	0	3128
1	0	3129
0.954242509439325	1	3130
1.39794000867204	1	3131
0.301029995663981	0	3132
1.07918124604762	0	3133
2.54032947479087	0	3134
1.30102999566398	0	3135
0.301029995663981	0	3136
0.778151250383644	0	3137
0.778151250383644	0	3138
1.04139268515822	0	3139
0.954242509439325	0	3140
0.698970004336019	0	3141
0.845098040014257	0	3142
1.67209785793572	1	3143
0.845098040014257	0	3144
1.73239375982297	1	3145
1.43136376415899	0	3146
1.61278385671974	1	3147
1.25527250510331	0	3148
0.602059991327962	0	3149
1	0	3150
0.954242509439325	0	3151
1.23044892137827	0	3152
0.903089986991944	0	3153
1.20411998265592	1	3154
0.477121254719662	0	3155
1.30102999566398	1	3156
1.51851393987789	0	3157
1.46239799789896	1	3158
1	0	3159
0.778151250383644	0	3160
1.25527250510331	1	3161
1.25527250510331	0	3162
0.845098040014257	0	3163
0.477121254719662	0	3164
0.698970004336019	0	3165
0.477121254719662	0	3166
0.477121254719662	0	3167
0.903089986991944	0	3168
1.14612803567824	0	3169
0.301029995663981	0	3170
0.845098040014257	0	3171
1	1	3172
1.07918124604762	0	3173
1	0	3174
1.23044892137827	0	3175
0.602059991327962	0	3176
0.477121254719662	0	3177
1.07918124604762	0	3178
0.477121254719662	0	3179
1.23044892137827	0	3180
1	1	3181
1.34242268082221	0	3182
0.602059991327962	0	3183
0.301029995663981	0	3184
1.07918124604762	0	3185
0.778151250383644	0	3186
0.845098040014257	0	3187
1	0	3188
1.07918124604762	0	3189
1.17609125905568	0	3190
0.778151250383644	0	3191
1.23044892137827	0	3192
1.39794000867204	0	3193
1	0	3194
0.954242509439325	0	3195
0.602059991327962	0	3196
0.698970004336019	0	3197
0.954242509439325	0	3198
2.35024801833416	1	3199
1.41497334797082	1	3200
1.38021124171161	0	3201
1.20411998265592	0	3202
1.30102999566398	0	3203
1.20411998265592	0	3204
0.698970004336019	0	3205
0.778151250383644	0	3206
1.17609125905568	1	3207
0.698970004336019	0	3208
0.903089986991944	0	3209
0.845098040014257	0	3210
1.64345267648619	0	3211
0.778151250383644	0	3212
0.903089986991944	0	3213
0.903089986991944	0	3214
1.07918124604762	0	3215
1.14612803567824	0	3216
0.477121254719662	0	3217
0.698970004336019	0	3218
0.698970004336019	0	3219
0	0	3220
1.07918124604762	0	3221
1.04139268515822	0	3222
0.602059991327962	0	3223
0.954242509439325	0	3224
1.25527250510331	0	3225
1.17609125905568	0	3226
0.778151250383644	0	3227
1.20411998265592	0	3228
2.17026171539496	0	3229
1.32221929473392	0	3230
1.47712125471966	0	3231
0.602059991327962	0	3232
0.477121254719662	0	3233
0.903089986991944	0	3234
0.602059991327962	0	3235
0.602059991327962	0	3236
0.602059991327962	0	3237
0.602059991327962	0	3238
0.602059991327962	0	3239
0.602059991327962	0	3240
0.698970004336019	0	3241
1.04139268515822	0	3242
0.954242509439325	0	3243
1.49136169383427	0	3244
0.903089986991944	0	3245
0.301029995663981	0	3246
0.698970004336019	0	3247
1.64345267648619	0	3248
1.25527250510331	0	3249
0.698970004336019	0	3250
0.778151250383644	0	3251
1.36172783601759	0	3252
0.477121254719662	0	3253
0.778151250383644	0	3254
1.14612803567824	0	3255
2.25042000230889	0	3256
1.55630250076729	0	3257
1.57978359661681	0	3258
0.477121254719662	0	3259
1.23044892137827	1	3260
1.38021124171161	0	3261
0.477121254719662	0	3262
0.698970004336019	0	3263
0.778151250383644	0	3264
1.04139268515822	1	3265
1.23044892137827	0	3266
0.845098040014257	0	3267
2.26007138798507	0	3268
1.64345267648619	0	3269
1.30102999566398	0	3270
1.25527250510331	0	3271
1.14612803567824	0	3272
1.79934054945358	0	3273
0.477121254719662	0	3274
0.602059991327962	0	3275
0.602059991327962	0	3276
1	0	3277
0.602059991327962	0	3278
0.477121254719662	0	3279
0.903089986991944	0	3280
0.778151250383644	0	3281
1.11394335230684	0	3282
0.698970004336019	0	3283
0.698970004336019	0	3284
0.301029995663981	1	3285
0.778151250383644	0	3286
0.602059991327962	0	3287
0.778151250383644	0	3288
0.778151250383644	0	3289
0.698970004336019	0	3290
1.5910646070265	1	3291
0.698970004336019	1	3292
0.477121254719662	0	3293
0.477121254719662	0	3294
0.903089986991944	0	3295
1.69897000433602	0	3296
0.903089986991944	0	3297
1	0	3298
1.07918124604762	0	3299
1.34242268082221	0	3300
1.04139268515822	0	3301
0.698970004336019	0	3302
1.86923171973098	0	3303
0.778151250383644	0	3304
1.17609125905568	1	3305
1.6232492903979	1	3306
1.81954393554187	0	3307
1.14612803567824	0	3308
1.36172783601759	0	3309
1.30102999566398	1	3310
0.903089986991944	0	3311
1.11394335230684	2	3312
0.301029995663981	0	3313
0.698970004336019	0	3314
1.11394335230684	0	3315
1.47712125471966	0	3316
1.82607480270083	0	3317
1.69019608002851	0	3318
0.954242509439325	0	3319
1.07918124604762	0	3320
0.698970004336019	1	3321
1.6232492903979	0	3322
1.50514997831991	0	3323
0.698970004336019	0	3324
0.477121254719662	0	3325
1	1	3326
1.49136169383427	0	3327
1.04139268515822	0	3328
1	0	3329
0.954242509439325	0	3330
0.477121254719662	0	3331
0.698970004336019	0	3332
0.845098040014257	0	3333
1.04139268515822	0	3334
0.954242509439325	0	3335
0.477121254719662	0	3336
