group	x	y	showSelected1
1	14480	24	126
2	14530	24	126
2	14530	24	44
2	14530	24	3094
2	14530	24	1407
2	14530	24	23
3	14530	74	44
6	14580	74	44
6	14580	74	827
6	14580	74	1967
6	14580	74	1080
6	14580	74	982
6	14580	74	2703
5	14580	124	44
5	14580	124	827
8	14630	124	44
8	14630	124	827
8	14630	124	49
8	14630	124	1080
8	14630	124	816
8	14630	124	543
9	14630	174	49
13	14680	174	49
13	14680	174	349
13	14680	174	252
13	14680	174	2809
13	14680	174	543
14	14680	224	349
19	14730	224	349
19	14730	224	557
19	14730	224	379
19	14730	224	25
19	14730	224	461
20	14730	274	379
26	14780	274	379
26	14780	274	25
26	14780	274	1645
26	14780	274	951
26	14780	274	1201
26	14780	274	3192
26	14780	274	219
26	14780	274	1815
26	14780	274	247
26	14780	274	702
27	14780	324	1645
34	14830	324	1645
34	14830	324	25
34	14830	324	47
34	14830	324	375
34	14830	324	1994
34	14830	324	759
34	14830	324	1299
34	14830	324	13
34	14830	324	449
35	14830	374	375
35	14830	374	1994
43	14880	374	1994
43	14880	374	375
43	14880	374	385
43	14880	374	173
43	14880	374	28
43	14880	374	699
43	14880	374	1017
43	14880	374	2711
43	14880	374	3087
43	14880	374	1543
43	14880	374	1496
43	14880	374	1952
43	14880	374	1158
43	14880	374	112
43	14880	374	2594
43	14880	374	2289
43	14880	374	36
43	14880	374	1085
43	14880	374	3207
44	14880	424	28
53	14930	424	28
53	14930	424	1405
53	14930	424	415
53	14930	424	2418
53	14930	424	33
53	14930	424	329
53	14930	424	700
53	14930	424	2619
53	14930	424	2356
53	14930	424	2235
53	14930	424	2612
53	14930	424	1716
53	14930	424	3136
53	14930	424	673
53	14930	424	1421
53	14930	424	2266
53	14930	424	110
53	14930	424	2315
53	14930	424	2708
53	14930	424	1209
53	14930	424	2014
53	14930	424	1258
53	14930	424	2673
53	14930	424	968
53	14930	424	1511
53	14930	424	3098
53	14930	424	327
53	14930	424	1559
53	14930	424	2130
53	14930	424	1710
53	14930	424	2788
53	14930	424	499
53	14930	424	1118
53	14930	424	1954
53	14930	424	2741
54	14930	474	2356
54	14930	474	33
64	14980	474	2356
64	14980	474	250
64	14980	474	232
64	14980	474	33
64	14980	474	343
64	14980	474	213
64	14980	474	919
64	14980	474	182
64	14980	474	731
64	14980	474	1481
64	14980	474	2414
64	14980	474	2421
64	14980	474	1313
64	14980	474	2963
64	14980	474	645
64	14980	474	740
64	14980	474	1859
64	14980	474	2448
64	14980	474	2143
64	14980	474	265
64	14980	474	1182
64	14980	474	663
64	14980	474	1944
64	14980	474	2218
64	14980	474	1611
64	14980	474	1794
64	14980	474	1509
64	14980	474	2103
64	14980	474	2968
64	14980	474	2579
64	14980	474	1383
64	14980	474	1530
64	14980	474	1324
64	14980	474	3312
66	14980	524	213
66	14980	524	1481
66	14980	524	731
77	15030	524	2533
77	15030	524	2925
77	15030	524	1481
77	15030	524	1987
77	15030	524	31
77	15030	524	972
77	15030	524	1335
77	15030	524	790
77	15030	524	196
77	15030	524	1736
77	15030	524	2004
77	15030	524	731
77	15030	524	778
77	15030	524	2672
77	15030	524	1572
77	15030	524	3287
77	15030	524	2664
77	15030	524	3002
77	15030	524	1537
77	15030	524	2756
77	15030	524	3148
77	15030	524	1712
77	15030	524	2114
77	15030	524	2540
77	15030	524	2123
77	15030	524	1449
77	15030	524	434
77	15030	524	1132
77	15030	524	3152
77	15030	524	364
77	15030	524	1683
77	15030	524	332
77	15030	524	2918
77	15030	524	1914
77	15030	524	2694
78	15030	574	2004
78	15030	574	31
90	15080	574	31
90	15080	574	760
90	15080	574	1655
90	15080	574	41
90	15080	574	1376
90	15080	574	2932
90	15080	574	1264
90	15080	574	97
90	15080	574	2931
90	15080	574	234
90	15080	574	2004
90	15080	574	1793
90	15080	574	184
90	15080	574	2020
90	15080	574	2352
90	15080	574	625
90	15080	574	1883
90	15080	574	235
90	15080	574	317
90	15080	574	121
90	15080	574	826
90	15080	574	368
90	15080	574	2869
90	15080	574	2875
90	15080	574	716
90	15080	574	324
91	15080	624	97
91	15080	624	41
104	15130	624	97
104	15130	624	41
104	15130	624	2644
104	15130	624	3051
105	15130	674	97
105	15130	674	41
119	15180	674	41
119	15180	674	97
119	15180	674	2524
119	15180	674	2757
119	15180	674	1412
120	15180	724	97
120	15180	724	2040
135	15230	724	97
135	15230	724	41
135	15230	724	2489
135	15230	724	2040
135	15230	724	2487
135	15230	724	402
135	15230	724	2767
136	15230	774	97
152	15280	774	97
152	15280	774	41
152	15280	774	2642
152	15280	774	661
4	14580	24	44
4	14580	24	126
4	14580	24	1967
4	14580	24	982
4	14580	24	1407
4	14580	24	23
4	14580	24	2703
4	14580	24	405
12	14680	124	49
12	14680	124	816
12	14680	124	543
12	14680	124	1966
12	14680	124	349
12	14680	124	999
12	14680	124	838
12	14680	124	962
12	14680	124	1172
12	14680	124	1556
25	14780	224	379
25	14780	224	25
25	14780	224	557
25	14780	224	219
25	14780	224	247
25	14780	224	461
25	14780	224	702
25	14780	224	1406
25	14780	224	194
25	14780	224	507
25	14780	224	212
42	14880	324	375
42	14880	324	1994
42	14880	324	47
42	14880	324	1543
42	14880	324	36
42	14880	324	1248
42	14880	324	25
42	14880	324	222
42	14880	324	2799
42	14880	324	3137
42	14880	324	366
42	14880	324	28
42	14880	324	2355
42	14880	324	433
42	14880	324	1473
42	14880	324	2782
42	14880	324	1915
42	14880	324	2597
42	14880	324	3170
42	14880	324	80
42	14880	324	2710
42	14880	324	3199
63	14980	424	33
63	14980	424	250
63	14980	424	2421
63	14980	424	663
63	14980	424	57
63	14980	424	2276
63	14980	424	1258
63	14980	424	2660
63	14980	424	2555
63	14980	424	327
63	14980	424	175
63	14980	424	645
63	14980	424	182
63	14980	424	1710
63	14980	424	499
63	14980	424	431
63	14980	424	383
63	14980	424	3014
63	14980	424	2807
63	14980	424	1370
63	14980	424	893
63	14980	424	2517
63	14980	424	3233
63	14980	424	426
63	14980	424	1324
63	14980	424	2741
63	14980	424	2973
63	14980	424	823
63	14980	424	3312
63	14980	424	975
63	14980	424	2274
63	14980	424	1532
63	14980	424	2873
63	14980	424	492
63	14980	424	4
63	14980	424	1618
63	14980	424	2483
63	14980	424	2128
63	14980	424	179
63	14980	424	3149
63	14980	424	448
63	14980	424	1702
63	14980	424	255
63	14980	424	753
63	14980	424	3029
10	14630	74	827
10	14630	74	44
10	14630	74	1080
10	14630	74	2703
10	14630	74	543
10	14630	74	2969
10	14630	74	1967
10	14630	74	2913
10	14630	74	2829
10	14630	74	2808
10	14630	74	202
18	14730	174	349
18	14730	174	557
18	14730	174	543
18	14730	174	467
18	14730	174	461
18	14730	174	340
18	14730	174	395
18	14730	174	2596
18	14730	174	25
18	14730	174	1311
33	14830	274	1645
33	14830	274	25
33	14830	274	13
33	14830	274	1299
33	14830	274	3157
33	14830	274	933
33	14830	274	449
33	14830	274	702
33	14830	274	752
33	14830	274	1205
33	14830	274	1799
33	14830	274	1139
33	14830	274	47
33	14830	274	2295
33	14830	274	52
33	14830	274	80
33	14830	274	1330
52	14930	374	28
52	14930	374	110
52	14930	374	1209
52	14930	374	2014
52	14930	374	2881
52	14930	374	1452
52	14930	374	1158
52	14930	374	33
52	14930	374	1351
52	14930	374	1429
52	14930	374	112
52	14930	374	2289
52	14930	374	1559
52	14930	374	1074
52	14930	374	3207
52	14930	374	977
52	14930	374	867
52	14930	374	2722
52	14930	374	685
52	14930	374	333
52	14930	374	1870
52	14930	374	2719
52	14930	374	3086
52	14930	374	1769
52	14930	374	2019
52	14930	374	1400
52	14930	374	1129
52	14930	374	2661
52	14930	374	21
52	14930	374	10
52	14930	374	2461
52	14930	374	1068
52	14930	374	3153
52	14930	374	1043
52	14930	374	3286
52	14930	374	218
52	14930	374	336
52	14930	374	511
52	14930	374	2775
52	14930	374	1970
52	14930	374	2611
52	14930	374	1339
52	14930	374	3274
52	14930	374	2797
52	14930	374	1612
52	14930	374	2680
52	14930	374	399
52	14930	374	1340
52	14930	374	3143
52	14930	374	602
52	14930	374	1503
75	15030	474	731
75	15030	474	1481
75	15030	474	740
75	15030	474	31
75	15030	474	1738
75	15030	474	2018
75	15030	474	1449
75	15030	474	182
75	15030	474	434
75	15030	474	1509
75	15030	474	1592
75	15030	474	1687
75	15030	474	2334
75	15030	474	1131
75	15030	474	2676
75	15030	474	2918
75	15030	474	1644
75	15030	474	1914
75	15030	474	2968
75	15030	474	1939
75	15030	474	2471
75	15030	474	3095
75	15030	474	2124
75	15030	474	681
75	15030	474	995
75	15030	474	1279
75	15030	474	2190
75	15030	474	364
75	15030	474	3006
75	15030	474	3312
75	15030	474	1245
75	15030	474	1587
75	15030	474	102
75	15030	474	1223
75	15030	474	2294
75	15030	474	1517
75	15030	474	253
75	15030	474	2432
75	15030	474	189
75	15030	474	2410
75	15030	474	1221
75	15030	474	1069
75	15030	474	998
75	15030	474	2202
75	15030	474	2015
75	15030	474	1013
75	15030	474	1828
75	15030	474	653
103	15130	574	41
103	15130	574	97
103	15130	574	234
103	15130	574	2875
103	15130	574	368
103	15130	574	314
103	15130	574	3239
103	15130	574	324
103	15130	574	1975
103	15130	574	2386
103	15130	574	382
103	15130	574	2330
103	15130	574	1163
103	15130	574	2087
103	15130	574	242
118	15180	624	97
118	15180	624	41
118	15180	624	3054
118	15180	624	1412
118	15180	624	1884
118	15180	624	2581
118	15180	624	502
118	15180	624	2668
118	15180	624	3058
134	15230	674	97
134	15230	674	41
134	15230	674	1846
134	15230	674	402
134	15230	674	2522
134	15230	674	2491
134	15230	674	2062
134	15230	674	2150
134	15230	674	2008
134	15230	674	1436
134	15230	674	1368
134	15230	674	1726
151	15280	724	97
151	15280	724	41
151	15280	724	661
151	15280	724	2076
151	15280	724	2042
151	15280	724	2490
151	15280	724	2670
89	15080	524	31
89	15080	524	184
89	15080	524	2664
89	15080	524	1523
89	15080	524	1792
89	15080	524	2352
89	15080	524	1655
89	15080	524	2540
89	15080	524	125
89	15080	524	235
89	15080	524	207
89	15080	524	317
89	15080	524	2860
89	15080	524	1713
89	15080	524	826
89	15080	524	1175
89	15080	524	168
89	15080	524	1582
89	15080	524	1631
89	15080	524	1435
89	15080	524	364
89	15080	524	324
89	15080	524	1432
89	15080	524	2319
89	15080	524	368
89	15080	524	2667
89	15080	524	332
89	15080	524	41
89	15080	524	2842
89	15080	524	2964
89	15080	524	1168
89	15080	524	102
89	15080	524	205
89	15080	524	748
89	15080	524	1113
89	15080	524	908
89	15080	524	2340
89	15080	524	1337
89	15080	524	3283
89	15080	524	2901
89	15080	524	2045
89	15080	524	1812
89	15080	524	2637
89	15080	524	3032
89	15080	524	2991
168	15330	774	41
168	15330	774	97
7	14630	24	2703
7	14630	24	1967
7	14630	24	2808
7	14630	24	405
7	14630	24	1066
7	14630	24	202
7	14630	24	545
15	14680	74	543
15	14680	74	816
15	14680	74	827
15	14680	74	838
15	14680	74	2703
15	14680	74	202
15	14680	74	962
15	14680	74	1172
15	14680	74	134
15	14680	74	1556
15	14680	74	626
15	14680	74	765
15	14680	74	851
17	14730	124	543
17	14730	124	340
17	14730	124	2250
17	14730	124	25
17	14730	124	644
17	14730	124	2277
17	14730	124	1311
17	14730	124	1556
17	14730	124	16
17	14730	124	860
17	14730	124	361
17	14730	124	2725
17	14730	124	1606
17	14730	124	1361
17	14730	124	1354
17	14730	124	2723
17	14730	124	3181
17	14730	124	202
24	14780	174	461
24	14780	174	557
24	14780	174	395
24	14780	174	194
24	14780	174	25
24	14780	174	212
24	14780	174	1311
24	14780	174	1102
24	14780	174	16
24	14780	174	1662
24	14780	174	1105
32	14830	224	702
32	14830	224	247
32	14830	224	25
32	14830	224	52
32	14830	224	212
32	14830	224	3025
32	14830	224	278
32	14830	224	1508
32	14830	224	2801
32	14830	224	122
32	14830	224	1282
32	14830	224	80
32	14830	224	16
41	14880	274	25
41	14880	274	47
41	14880	274	433
41	14880	274	2295
41	14880	274	80
41	14880	274	36
41	14880	274	1330
41	14880	274	52
41	14880	274	2685
41	14880	274	1283
41	14880	274	3017
41	14880	274	1366
41	14880	274	2652
41	14880	274	805
41	14880	274	2985
41	14880	274	841
41	14880	274	2653
41	14880	274	420
51	14930	324	28
51	14930	324	2799
51	14930	324	1400
51	14930	324	366
51	14930	324	2473
51	14930	324	36
51	14930	324	602
51	14930	324	2611
51	14930	324	336
51	14930	324	1072
51	14930	324	3023
51	14930	324	618
51	14930	324	1340
51	14930	324	3199
51	14930	324	399
51	14930	324	1612
51	14930	324	2905
51	14930	324	80
51	14930	324	1938
51	14930	324	2691
51	14930	324	1955
51	14930	324	1480
51	14930	324	1658
51	14930	324	2733
51	14930	324	640
51	14930	324	1367
51	14930	324	744
51	14930	324	741
51	14930	324	381
51	14930	324	1145
51	14930	324	488
51	14930	324	1303
51	14930	324	159
51	14930	324	843
51	14930	324	1322
62	14980	374	33
62	14980	374	21
62	14980	374	1532
62	14980	374	538
62	14980	374	10
62	14980	374	327
62	14980	374	2620
62	14980	374	2483
62	14980	374	1393
62	14980	374	211
62	14980	374	1986
62	14980	374	1985
62	14980	374	3143
62	14980	374	1570
62	14980	374	1805
62	14980	374	2061
62	14980	374	2459
62	14980	374	1932
62	14980	374	2600
62	14980	374	3304
62	14980	374	399
62	14980	374	616
62	14980	374	260
62	14980	374	492
62	14980	374	2415
62	14980	374	4
62	14980	374	640
62	14980	374	830
62	14980	374	2731
62	14980	374	1266
62	14980	374	1633
62	14980	374	2205
62	14980	374	3089
62	14980	374	248
62	14980	374	3270
62	14980	374	2456
62	14980	374	1166
62	14980	374	483
62	14980	374	393
62	14980	374	910
62	14980	374	3265
62	14980	374	6
62	14980	374	1210
62	14980	374	2404
74	15030	424	3312
74	15030	424	182
74	15030	424	681
74	15030	424	663
74	15030	424	4
74	15030	424	1806
74	15030	424	33
74	15030	424	1338
74	15030	424	2128
74	15030	424	1903
74	15030	424	189
74	15030	424	1221
74	15030	424	998
74	15030	424	524
74	15030	424	2036
74	15030	424	255
74	15030	424	1259
74	15030	424	492
74	15030	424	1502
74	15030	424	1280
74	15030	424	1223
74	15030	424	3225
74	15030	424	2501
74	15030	424	2267
74	15030	424	1725
74	15030	424	2462
74	15030	424	3073
74	15030	424	210
74	15030	424	653
74	15030	424	567
74	15030	424	1855
74	15030	424	2784
74	15030	424	1795
74	15030	424	3168
74	15030	424	2588
74	15030	424	357
74	15030	424	3194
74	15030	424	1275
74	15030	424	429
74	15030	424	2263
74	15030	424	2675
74	15030	424	3230
74	15030	424	1784
74	15030	424	1823
74	15030	424	554
74	15030	424	1409
74	15030	424	264
74	15030	424	599
74	15030	424	3279
74	15030	424	2362
74	15030	424	2313
74	15030	424	3027
74	15030	424	856
74	15030	424	1214
74	15030	424	3288
87	15080	474	364
87	15080	474	31
87	15080	474	102
87	15080	474	1245
87	15080	474	2957
87	15080	474	764
87	15080	474	2528
87	15080	474	1069
87	15080	474	205
87	15080	474	908
87	15080	474	1824
87	15080	474	2140
87	15080	474	261
87	15080	474	253
87	15080	474	2592
87	15080	474	3026
87	15080	474	2249
87	15080	474	1297
87	15080	474	2901
87	15080	474	2157
87	15080	474	2344
87	15080	474	1223
87	15080	474	1934
87	15080	474	1013
87	15080	474	2701
87	15080	474	1812
87	15080	474	1719
87	15080	474	2599
87	15080	474	2739
87	15080	474	2945
87	15080	474	469
87	15080	474	2013
87	15080	474	1839
87	15080	474	1151
87	15080	474	653
87	15080	474	477
87	15080	474	2519
87	15080	474	4
87	15080	474	600
87	15080	474	1845
87	15080	474	1347
87	15080	474	3
87	15080	474	317
87	15080	474	978
87	15080	474	3201
87	15080	474	143
87	15080	474	442
87	15080	474	3196
87	15080	474	2027
87	15080	474	1134
87	15080	474	2213
87	15080	474	1461
87	15080	474	2099
87	15080	474	2623
87	15080	474	2942
87	15080	474	2176
87	15080	474	480
102	15130	524	368
102	15130	524	41
102	15130	524	324
102	15130	524	314
102	15130	524	317
102	15130	524	2844
102	15130	524	2330
102	15130	524	2863
102	15130	524	1026
102	15130	524	205
102	15130	524	2813
102	15130	524	2087
102	15130	524	1947
102	15130	524	2338
102	15130	524	242
102	15130	524	382
102	15130	524	1360
102	15130	524	413
102	15130	524	2180
102	15130	524	888
102	15130	524	2493
102	15130	524	2336
102	15130	524	2484
102	15130	524	1316
102	15130	524	2700
102	15130	524	97
102	15130	524	2858
102	15130	524	1912
102	15130	524	2367
102	15130	524	2228
102	15130	524	145
102	15130	524	85
102	15130	524	1121
102	15130	524	2536
102	15130	524	2225
102	15130	524	2634
102	15130	524	1260
102	15130	524	1834
102	15130	524	907
102	15130	524	1058
102	15130	524	1722
133	15230	624	41
133	15230	624	97
133	15230	624	502
133	15230	624	533
133	15230	624	1368
133	15230	624	1908
133	15230	624	812
133	15230	624	887
133	15230	624	1446
133	15230	624	1288
117	15180	574	41
117	15180	574	97
117	15180	574	382
117	15180	574	2764
117	15180	574	3045
117	15180	574	2513
117	15180	574	887
117	15180	574	781
117	15180	574	2388
117	15180	574	2886
117	15180	574	2389
117	15180	574	3044
117	15180	574	2343
150	15280	674	97
150	15280	674	41
150	15280	674	1005
150	15280	674	1436
150	15280	674	1727
150	15280	674	1726
150	15280	674	812
150	15280	674	2766
150	15280	674	2220
150	15280	674	2227
150	15280	674	785
167	15330	724	97
167	15330	724	41
167	15330	724	2490
167	15330	724	2980
167	15330	724	2226
167	15330	724	2075
11	14680	24	202
11	14680	24	134
11	14680	24	2703
11	14680	24	1579
11	14680	24	765
11	14680	24	405
11	14680	24	983
11	14680	24	851
23	14780	124	25
23	14780	124	1311
23	14780	124	16
23	14780	124	2725
23	14780	124	1217
23	14780	124	2723
23	14780	124	1105
23	14780	124	717
23	14780	124	1361
23	14780	124	1102
23	14780	124	543
23	14780	124	212
23	14780	124	1355
23	14780	124	202
23	14780	124	2814
40	14880	224	80
40	14880	224	52
40	14880	224	278
40	14880	224	2985
40	14880	224	122
40	14880	224	1743
40	14880	224	841
40	14880	224	1283
40	14880	224	420
40	14880	224	1536
40	14880	224	212
61	14980	324	399
61	14980	324	640
61	14980	324	830
61	14980	324	260
61	14980	324	744
61	14980	324	3266
61	14980	324	21
61	14980	324	6
61	14980	324	483
61	14980	324	1594
61	14980	324	1342
61	14980	324	2684
61	14980	324	796
61	14980	324	3265
61	14980	324	2381
61	14980	324	2804
61	14980	324	547
61	14980	324	393
61	14980	324	159
61	14980	324	1453
61	14980	324	1322
61	14980	324	711
61	14980	324	1210
61	14980	324	80
61	14980	324	2706
61	14980	324	2404
61	14980	324	310
61	14980	324	555
61	14980	324	2255
61	14980	324	3273
61	14980	324	1415
61	14980	324	355
61	14980	324	105
61	14980	324	1601
61	14980	324	2616
61	14980	324	1087
61	14980	324	1438
116	15180	524	97
116	15180	524	41
116	15180	524	242
116	15180	524	323
116	15180	524	2858
116	15180	524	781
116	15180	524	888
116	15180	524	2225
116	15180	524	2326
116	15180	524	1058
116	15180	524	267
116	15180	524	2389
116	15180	524	907
116	15180	524	2343
116	15180	524	679
116	15180	524	2217
116	15180	524	2424
116	15180	524	130
116	15180	524	961
116	15180	524	2214
116	15180	524	1840
116	15180	524	1195
116	15180	524	428
116	15180	524	949
116	15180	524	2492
116	15180	524	1349
116	15180	524	2311
116	15180	524	1909
149	15280	624	812
149	15280	624	41
149	15280	624	97
149	15280	624	2220
149	15280	624	785
149	15280	624	2320
149	15280	624	3246
149	15280	624	1591
149	15280	624	2223
149	15280	624	2650
21	14730	74	1556
21	14730	74	543
21	14730	74	202
21	14730	74	860
21	14730	74	1354
21	14730	74	851
21	14730	74	3181
21	14730	74	1961
21	14730	74	87
31	14830	174	212
31	14830	174	25
31	14830	174	2796
31	14830	174	1102
31	14830	174	16
31	14830	174	1661
31	14830	174	715
31	14830	174	80
31	14830	174	930
31	14830	174	2954
31	14830	174	914
31	14830	174	2472
50	14930	274	36
50	14930	274	80
50	14930	274	2691
50	14930	274	992
50	14930	274	286
50	14930	274	381
50	14930	274	843
50	14930	274	159
50	14930	274	2653
50	14930	274	1679
50	14930	274	420
50	14930	274	1424
50	14930	274	1177
50	14930	274	1018
50	14930	274	2948
50	14930	274	2354
50	14930	274	3003
73	15030	374	4
73	15030	374	1734
73	15030	374	327
73	15030	374	255
73	15030	374	2205
73	15030	374	1176
73	15030	374	1677
73	15030	374	260
73	15030	374	1166
73	15030	374	2593
73	15030	374	1634
73	15030	374	2638
73	15030	374	1275
73	15030	374	798
73	15030	374	599
73	15030	374	929
73	15030	374	248
73	15030	374	943
73	15030	374	393
73	15030	374	658
73	15030	374	2734
73	15030	374	2783
73	15030	374	6
73	15030	374	204
73	15030	374	3198
73	15030	374	1510
73	15030	374	688
73	15030	374	357
73	15030	374	2425
73	15030	374	1663
73	15030	374	2404
73	15030	374	1210
73	15030	374	1242
73	15030	374	26
73	15030	374	1627
73	15030	374	2055
73	15030	374	105
73	15030	374	2482
73	15030	374	2064
73	15030	374	1512
73	15030	374	1029
73	15030	374	1707
73	15030	374	1753
73	15030	374	2790
73	15030	374	732
73	15030	374	1215
73	15030	374	2353
73	15030	374	1365
73	15030	374	2601
73	15030	374	1202
73	15030	374	956
73	15030	374	1211
86	15080	424	1223
86	15080	424	653
86	15080	424	4
86	15080	424	2258
86	15080	424	2027
86	15080	424	226
86	15080	424	429
86	15080	424	2623
86	15080	424	289
86	15080	424	357
86	15080	424	631
86	15080	424	1134
86	15080	424	264
86	15080	424	2678
86	15080	424	1409
86	15080	424	442
86	15080	424	2149
86	15080	424	784
86	15080	424	3
86	15080	424	856
86	15080	424	2066
86	15080	424	2552
86	15080	424	480
86	15080	424	1214
86	15080	424	2440
86	15080	424	2067
86	15080	424	1246
86	15080	424	1490
86	15080	424	3092
86	15080	424	406
86	15080	424	2065
86	15080	424	1378
86	15080	424	1482
86	15080	424	2186
86	15080	424	3300
86	15080	424	2466
86	15080	424	2926
86	15080	424	152
86	15080	424	2658
86	15080	424	2162
86	15080	424	106
86	15080	424	757
86	15080	424	398
86	15080	424	1533
86	15080	424	3012
86	15080	424	1196
86	15080	424	417
86	15080	424	1847
86	15080	424	3191
86	15080	424	3062
86	15080	424	3064
86	15080	424	2894
86	15080	424	2810
86	15080	424	2187
86	15080	424	3008
86	15080	424	880
86	15080	424	892
86	15080	424	1863
86	15080	424	1300
86	15080	424	2212
86	15080	424	831
86	15080	424	1948
86	15080	424	1976
100	15130	474	205
100	15130	474	317
100	15130	474	143
100	15130	474	413
100	15130	474	145
100	15130	474	4
100	15130	474	849
100	15130	474	1461
100	15130	474	435
100	15130	474	2329
100	15130	474	918
100	15130	474	1862
100	15130	474	3
100	15130	474	2097
100	15130	474	41
100	15130	474	3224
100	15130	474	391
100	15130	474	1031
100	15130	474	829
100	15130	474	85
100	15130	474	3262
100	15130	474	82
100	15130	474	1377
100	15130	474	3269
100	15130	474	3278
100	15130	474	3267
100	15130	474	1195
100	15130	474	578
100	15130	474	476
100	15130	474	2986
100	15130	474	1722
100	15130	474	3277
100	15130	474	130
100	15130	474	1697
100	15130	474	2321
100	15130	474	2357
100	15130	474	1362
100	15130	474	1364
100	15130	474	450
100	15130	474	132
100	15130	474	152
100	15130	474	2358
100	15130	474	2177
100	15130	474	7
100	15130	474	1747
100	15130	474	2772
100	15130	474	1619
100	15130	474	2384
132	15230	574	41
132	15230	574	97
132	15230	574	887
132	15230	574	1950
132	15230	574	795
132	15230	574	1492
132	15230	574	1288
132	15230	574	1244
132	15230	574	2343
132	15230	574	1183
132	15230	574	3124
132	15230	574	3004
132	15230	574	3218
132	15230	574	684
132	15230	574	1451
132	15230	574	2654
132	15230	574	1724
132	15230	574	971
166	15330	674	97
166	15330	674	41
166	15330	674	2766
166	15330	674	580
166	15330	674	3237
166	15330	674	3041
166	15330	674	2582
166	15330	674	2224
166	15330	674	630
183	15380	724	41
183	15380	724	97
16	14730	24	202
16	14730	24	851
16	14730	24	765
16	14730	24	983
16	14730	24	2806
16	14730	24	3061
28	14780	74	543
28	14780	74	202
28	14780	74	1361
28	14780	74	16
28	14780	74	851
28	14780	74	2526
28	14780	74	981
28	14780	74	87
28	14780	74	701
28	14780	74	1110
28	14780	74	440
28	14780	74	19
30	14830	124	212
30	14830	124	1102
30	14830	124	16
30	14830	124	2814
30	14830	124	2472
30	14830	124	3248
30	14830	124	202
30	14830	124	1551
30	14830	124	2376
30	14830	124	1203
30	14830	124	939
39	14880	174	80
39	14880	174	212
39	14880	174	16
39	14880	174	52
39	14880	174	721
39	14880	174	236
39	14880	174	914
39	14880	174	2572
39	14880	174	750
39	14880	174	3156
39	14880	174	2749
39	14880	174	1115
39	14880	174	573
39	14880	174	2407
39	14880	174	1474
49	14930	224	420
49	14930	224	80
49	14930	224	841
49	14930	224	583
49	14930	224	791
49	14930	224	1184
49	14930	224	3303
49	14930	224	906
49	14930	224	159
49	14930	224	304
49	14930	224	3318
49	14930	224	671
49	14930	224	236
49	14930	224	1277
60	14980	274	80
60	14980	274	159
60	14980	274	711
60	14980	274	1424
60	14980	274	310
60	14980	274	438
60	14980	274	355
60	14980	274	6
60	14980	274	56
60	14980	274	2845
60	14980	274	1087
60	14980	274	884
60	14980	274	326
60	14980	274	1425
60	14980	274	105
60	14980	274	662
60	14980	274	244
60	14980	274	1235
60	14980	274	2126
60	14980	274	1320
60	14980	274	352
60	14980	274	2855
60	14980	274	2029
60	14980	274	2943
60	14980	274	560
60	14980	274	891
60	14980	274	236
60	14980	274	1529
72	15030	324	260
72	15030	324	2404
72	15030	324	6
72	15030	324	1210
72	15030	324	1029
72	15030	324	105
72	15030	324	732
72	15030	324	251
72	15030	324	2353
72	15030	324	535
72	15030	324	2755
72	15030	324	26
72	15030	324	1213
72	15030	324	1753
72	15030	324	456
72	15030	324	1202
72	15030	324	1781
72	15030	324	1601
72	15030	324	380
72	15030	324	3122
72	15030	324	1438
72	15030	324	2929
72	15030	324	148
72	15030	324	1137
72	15030	324	1149
72	15030	324	1211
72	15030	324	2011
72	15030	324	1284
72	15030	324	3232
72	15030	324	1286
72	15030	324	1387
72	15030	324	2538
72	15030	324	3018
72	15030	324	607
72	15030	324	139
72	15030	324	1766
72	15030	324	1332
72	15030	324	287
72	15030	324	135
85	15080	374	4
85	15080	374	357
85	15080	374	1378
85	15080	374	1879
85	15080	374	105
85	15080	374	2854
85	15080	374	2466
85	15080	374	2185
85	15080	374	2403
85	15080	374	1215
85	15080	374	1196
85	15080	374	825
85	15080	374	3263
85	15080	374	1365
85	15080	374	3064
85	15080	374	200
85	15080	374	3203
85	15080	374	854
85	15080	374	26
85	15080	374	1759
85	15080	374	1516
85	15080	374	883
85	15080	374	3204
85	15080	374	1863
85	15080	374	595
85	15080	374	1520
85	15080	374	831
85	15080	374	2212
85	15080	374	1402
85	15080	374	2038
85	15080	374	407
85	15080	374	1976
85	15080	374	1211
85	15080	374	1521
85	15080	374	2635
85	15080	374	1877
85	15080	374	2818
85	15080	374	2173
85	15080	374	646
85	15080	374	2820
85	15080	374	937
85	15080	374	2325
85	15080	374	319
85	15080	374	2247
85	15080	374	2451
85	15080	374	938
85	15080	374	2147
85	15080	374	139
85	15080	374	1439
85	15080	374	1651
85	15080	374	1526
85	15080	374	1871
85	15080	374	1441
85	15080	374	1228
85	15080	374	354
85	15080	374	209
85	15080	374	952
85	15080	374	2001
85	15080	374	1673
99	15130	424	3
99	15130	424	4
99	15130	424	152
99	15130	424	450
99	15130	424	1362
99	15130	424	3272
99	15130	424	1847
99	15130	424	2934
99	15130	424	7
99	15130	424	3012
99	15130	424	2772
99	15130	424	2894
99	15130	424	2770
99	15130	424	417
99	15130	424	132
99	15130	424	1379
99	15130	424	2253
99	15130	424	2238
99	15130	424	273
99	15130	424	578
99	15130	424	1874
99	15130	424	1012
99	15130	424	2768
99	15130	424	1948
99	15130	424	1433
99	15130	424	3212
99	15130	424	2726
99	15130	424	2730
99	15130	424	1924
99	15130	424	3335
99	15130	424	2035
99	15130	424	1746
99	15130	424	2677
99	15130	424	646
99	15130	424	3033
99	15130	424	3197
99	15130	424	1060
99	15130	424	3249
99	15130	424	2116
99	15130	424	139
99	15130	424	388
99	15130	424	2666
99	15130	424	2188
99	15130	424	1711
99	15130	424	1548
99	15130	424	1860
99	15130	424	2047
99	15130	424	2046
99	15130	424	1930
99	15130	424	2005
99	15130	424	1693
99	15130	424	176
99	15130	424	1291
99	15130	424	510
114	15180	474	41
114	15180	474	1195
114	15180	474	130
114	15180	474	1840
114	15180	474	2177
114	15180	474	1816
114	15180	474	949
114	15180	474	578
114	15180	474	2836
114	15180	474	1882
114	15180	474	1619
114	15180	474	1569
114	15180	474	862
114	15180	474	3258
114	15180	474	369
114	15180	474	97
114	15180	474	2740
114	15180	474	7
114	15180	474	1841
114	15180	474	1909
114	15180	474	1809
114	15180	474	2655
114	15180	474	3259
114	15180	474	659
114	15180	474	2271
114	15180	474	1904
114	15180	474	664
114	15180	474	2646
114	15180	474	2657
114	15180	474	1278
114	15180	474	3289
114	15180	474	187
114	15180	474	2498
114	15180	474	1077
114	15180	474	68
114	15180	474	38
114	15180	474	3172
114	15180	474	2570
114	15180	474	758
114	15180	474	789
114	15180	474	1081
114	15180	474	824
114	15180	474	3305
114	15180	474	2910
114	15180	474	810
114	15180	474	2537
114	15180	474	756
131	15230	524	41
131	15230	524	2343
131	15230	524	3042
131	15230	524	1244
131	15230	524	97
131	15230	524	1492
131	15230	524	795
131	15230	524	2492
131	15230	524	2311
131	15230	524	2791
131	15230	524	2337
131	15230	524	3236
131	15230	524	971
131	15230	524	3238
131	15230	524	1261
131	15230	524	1296
131	15230	524	3128
131	15230	524	1169
131	15230	524	276
131	15230	524	769
131	15230	524	15
131	15230	524	280
131	15230	524	2758
148	15280	574	97
148	15280	574	41
148	15280	574	1288
148	15280	574	1451
148	15280	574	684
148	15280	574	3127
148	15280	574	2728
148	15280	574	2654
148	15280	574	971
148	15280	574	3049
148	15280	574	3048
148	15280	574	2648
148	15280	574	2763
148	15280	574	3050
148	15280	574	1811
165	15330	624	41
165	15330	624	97
165	15330	624	2520
165	15330	624	1591
165	15330	624	2224
165	15330	624	2650
165	15330	624	3053
165	15330	624	2304
165	15330	624	630
165	15330	624	2681
182	15380	674	97
182	15380	674	41
182	15380	674	2488
182	15380	674	630
182	15380	674	1814
182	15380	674	3057
22	14780	24	202
22	14780	24	87
22	14780	24	2806
22	14780	24	851
22	14780	24	1411
22	14780	24	575
22	14780	24	19
22	14780	24	1907
22	14780	24	3040
22	14780	24	440
22	14780	24	1484
22	14780	24	400
38	14880	124	16
38	14880	124	212
38	14880	124	914
38	14880	124	1203
38	14880	124	1763
38	14880	124	573
38	14880	124	2831
38	14880	124	1474
38	14880	124	939
38	14880	124	410
38	14880	124	2407
38	14880	124	245
59	14980	224	80
59	14980	224	304
59	14980	224	1320
59	14980	224	236
59	14980	224	56
59	14980	224	1073
59	14980	224	244
59	14980	224	1034
59	14980	224	100
84	15080	324	26
84	15080	324	1211
84	15080	324	2635
84	15080	324	105
84	15080	324	3037
84	15080	324	380
84	15080	324	139
84	15080	324	993
84	15080	324	1439
84	15080	324	1651
84	15080	324	72
84	15080	324	287
84	15080	324	2001
84	15080	324	607
84	15080	324	1558
84	15080	324	857
84	15080	324	1332
84	15080	324	1318
84	15080	324	1527
84	15080	324	2499
84	15080	324	3331
84	15080	324	1614
84	15080	324	135
84	15080	324	628
84	15080	324	2371
84	15080	324	1971
84	15080	324	550
84	15080	324	2455
84	15080	324	2037
84	15080	324	1420
84	15080	324	254
84	15080	324	199
84	15080	324	638
84	15080	324	1788
84	15080	324	2010
147	15280	524	41
147	15280	524	971
147	15280	524	97
147	15280	524	3043
147	15280	524	974
147	15280	524	15
147	15280	524	2233
147	15280	524	3164
147	15280	524	2322
147	15280	524	2232
147	15280	524	2201
147	15280	524	3235
147	15280	524	240
147	15280	524	1262
181	15380	624	630
181	15380	624	97
181	15380	624	41
181	15380	624	2304
181	15380	624	1814
181	15380	624	2681
181	15380	624	1880
181	15380	624	2072
181	15380	624	2405
181	15380	624	2884
181	15380	624	2972
181	15380	624	259
36	14830	74	16
36	14830	74	202
36	14830	74	212
36	14830	74	701
36	14830	74	1110
36	14830	74	939
36	14830	74	440
36	14830	74	1088
48	14930	174	80
48	14930	174	3156
48	14930	174	1277
48	14930	174	2749
48	14930	174	236
48	14930	174	1115
48	14930	174	2651
48	14930	174	421
48	14930	174	16
48	14930	174	1498
48	14930	174	2407
48	14930	174	344
48	14930	174	142
48	14930	174	56
48	14930	174	1626
71	15030	274	105
71	15030	274	2126
71	15030	274	1235
71	15030	274	244
71	15030	274	891
71	15030	274	792
71	15030	274	148
71	15030	274	1566
71	15030	274	1269
71	15030	274	1843
71	15030	274	56
71	15030	274	1529
71	15030	274	135
71	15030	274	1808
71	15030	274	3253
71	15030	274	508
71	15030	274	1332
71	15030	274	2317
71	15030	274	313
71	15030	274	1936
71	15030	274	1307
71	15030	274	1385
71	15030	274	2086
71	15030	274	2669
71	15030	274	2951
98	15130	374	4
98	15130	374	646
98	15130	374	1212
98	15130	374	2058
98	15130	374	2060
98	15130	374	3024
98	15130	374	139
98	15130	374	2134
98	15130	374	3244
98	15130	374	1711
98	15130	374	1651
98	15130	374	129
98	15130	374	1228
98	15130	374	2285
98	15130	374	2457
98	15130	374	176
98	15130	374	2165
98	15130	374	2043
98	15130	374	354
98	15130	374	1291
98	15130	374	209
98	15130	374	1109
98	15130	374	388
98	15130	374	3005
98	15130	374	2291
98	15130	374	2502
98	15130	374	2121
98	15130	374	2543
98	15130	374	1380
98	15130	374	1673
98	15130	374	2889
98	15130	374	2127
98	15130	374	2051
98	15130	374	767
98	15130	374	1754
98	15130	374	1321
98	15130	374	1701
98	15130	374	613
98	15130	374	1448
98	15130	374	612
98	15130	374	2497
98	15130	374	1390
98	15130	374	88
98	15130	374	3234
98	15130	374	2431
98	15130	374	2776
98	15130	374	2949
98	15130	374	2141
98	15130	374	1187
129	15230	474	41
129	15230	474	97
129	15230	474	2271
129	15230	474	68
129	15230	474	2420
129	15230	474	280
129	15230	474	2570
129	15230	474	824
129	15230	474	1720
129	15230	474	239
129	15230	474	187
129	15230	474	2112
129	15230	474	648
129	15230	474	3206
129	15230	474	2910
129	15230	474	263
129	15230	474	2915
129	15230	474	2758
129	15230	474	3202
129	15230	474	1589
129	15230	474	2732
129	15230	474	3046
129	15230	474	3007
129	15230	474	570
129	15230	474	3200
129	15230	474	559
129	15230	474	994
129	15230	474	3219
129	15230	474	2372
129	15230	474	2237
129	15230	474	1894
129	15230	474	2922
129	15230	474	283
129	15230	474	2608
129	15230	474	799
129	15230	474	3130
129	15230	474	706
129	15230	474	1911
164	15330	574	97
164	15330	574	41
164	15330	574	1055
164	15330	574	2978
164	15330	574	2057
164	15330	574	2074
113	15180	424	7
113	15180	424	578
113	15180	424	3063
113	15180	424	152
113	15180	424	187
113	15180	424	3172
113	15180	424	1548
113	15180	424	2256
113	15180	424	1869
113	15180	424	1635
113	15180	424	388
113	15180	424	2047
113	15180	424	789
113	15180	424	1590
113	15180	424	1930
113	15180	424	3305
113	15180	424	3171
113	15180	424	873
113	15180	424	2477
113	15180	424	758
113	15180	424	2683
113	15180	424	756
113	15180	424	2359
113	15180	424	3257
113	15180	424	330
113	15180	424	510
113	15180	424	1423
113	15180	424	468
113	15180	424	852
113	15180	424	2549
113	15180	424	362
113	15180	424	1791
113	15180	424	2434
113	15180	424	3275
113	15180	424	1078
113	15180	424	2879
113	15180	424	2378
113	15180	424	3141
113	15180	424	169
113	15180	424	941
113	15180	424	296
113	15180	424	1014
113	15180	424	3261
113	15180	424	1274
113	15180	424	3276
113	15180	424	1706
113	15180	424	1623
113	15180	424	256
113	15180	424	2032
113	15180	424	2178
113	15180	424	1598
113	15180	424	1723
113	15180	424	2750
113	15180	424	1666
113	15180	424	1079
197	15430	674	41
197	15430	674	97
29	14830	24	202
29	14830	24	440
29	14830	24	19
29	14830	24	400
29	14830	24	2987
29	14830	24	1597
45	14880	74	939
45	14880	74	16
45	14880	74	1049
45	14880	74	202
45	14880	74	410
45	14880	74	440
45	14880	74	489
45	14880	74	50
47	14930	124	16
47	14930	124	2407
47	14930	124	245
47	14930	124	236
47	14930	124	56
47	14930	124	410
47	14930	124	464
47	14930	124	2475
47	14930	124	1610
47	14930	124	347
47	14930	124	1323
58	14980	174	236
58	14980	174	56
58	14980	174	80
58	14980	174	1626
58	14980	174	2717
58	14980	174	2587
58	14980	174	100
58	14980	174	1254
58	14980	174	1001
58	14980	174	1615
58	14980	174	1895
58	14980	174	347
70	15030	224	244
70	15030	224	56
70	15030	224	1307
70	15030	224	1034
70	15030	224	513
70	15030	224	135
70	15030	224	1844
70	15030	224	100
70	15030	224	913
70	15030	224	620
70	15030	224	807
70	15030	224	2621
70	15030	224	3323
70	15030	224	3175
70	15030	224	1009
70	15030	224	401
70	15030	224	155
83	15080	274	135
83	15080	274	1332
83	15080	274	139
83	15080	274	1867
83	15080	274	105
83	15080	274	1385
83	15080	274	2805
83	15080	274	2371
83	15080	274	313
83	15080	274	1971
83	15080	274	199
83	15080	274	1401
83	15080	274	94
83	15080	274	1788
83	15080	274	3316
83	15080	274	657
83	15080	274	100
83	15080	274	1170
83	15080	274	947
83	15080	274	2633
83	15080	274	1095
83	15080	274	2851
83	15080	274	3146
83	15080	274	620
83	15080	274	723
83	15080	274	2039
97	15130	324	1651
97	15130	324	1673
97	15130	324	1527
97	15130	324	139
97	15130	324	2197
97	15130	324	2455
97	15130	324	254
97	15130	324	638
97	15130	324	604
97	15130	324	2431
97	15130	324	1390
97	15130	324	1902
97	15130	324	1678
97	15130	324	1919
97	15130	324	88
97	15130	324	1122
97	15130	324	2949
97	15130	324	199
97	15130	324	1276
97	15130	324	1972
97	15130	324	1457
97	15130	324	2786
97	15130	324	457
97	15130	324	1756
97	15130	324	1187
97	15130	324	541
97	15130	324	950
97	15130	324	2083
97	15130	324	2780
97	15130	324	698
97	15130	324	1515
97	15130	324	3031
97	15130	324	1285
97	15130	324	835
97	15130	324	93
97	15130	324	1691
97	15130	324	1408
97	15130	324	1050
112	15180	374	388
112	15180	374	1538
112	15180	374	3000
112	15180	374	1926
112	15180	374	139
112	15180	374	296
112	15180	374	88
112	15180	374	169
112	15180	374	612
112	15180	374	1448
112	15180	374	256
112	15180	374	2032
112	15180	374	425
112	15180	374	2377
112	15180	374	1014
112	15180	374	2297
112	15180	374	1290
112	15180	374	3115
112	15180	374	2777
112	15180	374	341
112	15180	374	2163
112	15180	374	1079
112	15180	374	3114
112	15180	374	2817
112	15180	374	703
112	15180	374	128
112	15180	374	1744
112	15180	374	871
112	15180	374	2082
112	15180	374	241
112	15180	374	1588
112	15180	374	1450
112	15180	374	2494
112	15180	374	2852
112	15180	374	230
112	15180	374	493
112	15180	374	1039
112	15180	374	459
112	15180	374	3117
112	15180	374	1082
112	15180	374	2507
112	15180	374	82
112	15180	374	1249
112	15180	374	279
112	15180	374	2554
112	15180	374	2312
128	15230	424	187
128	15230	424	2771
128	15230	424	1078
128	15230	424	2434
128	15230	424	3200
128	15230	424	330
128	15230	424	2859
128	15230	424	2136
128	15230	424	397
128	15230	424	322
128	15230	424	570
128	15230	424	559
128	15230	424	941
128	15230	424	1541
128	15230	424	2231
128	15230	424	1598
128	15230	424	1067
128	15230	424	283
128	15230	424	853
128	15230	424	1599
128	15230	424	1709
128	15230	424	1901
128	15230	424	3311
128	15230	424	1020
128	15230	424	2529
128	15230	424	2967
128	15230	424	706
128	15230	424	169
128	15230	424	528
128	15230	424	41
128	15230	424	256
128	15230	424	1984
128	15230	424	2052
128	15230	424	1460
128	15230	424	1911
128	15230	424	2826
128	15230	424	3100
128	15230	424	3334
128	15230	424	1758
128	15230	424	2919
128	15230	424	97
128	15230	424	1464
128	15230	424	1653
128	15230	424	1563
128	15230	424	1079
128	15230	424	1413
128	15230	424	964
128	15230	424	45
128	15230	424	2720
128	15230	424	3180
128	15230	424	3069
128	15230	424	156
128	15230	424	1459
128	15230	424	436
128	15230	424	3330
128	15230	424	2172
128	15230	424	2024
128	15230	424	504
128	15230	424	1861
128	15230	424	3126
128	15230	424	1007
128	15230	424	3250
128	15230	424	1111
145	15280	474	41
145	15280	474	97
145	15280	474	2322
145	15280	474	1262
145	15280	474	2222
145	15280	474	799
145	15280	474	2760
145	15280	474	1881
145	15280	474	3328
145	15280	474	3130
145	15280	474	240
145	15280	474	2071
145	15280	474	1688
145	15280	474	593
145	15280	474	2006
145	15280	474	2580
145	15280	474	238
145	15280	474	3055
145	15280	474	2073
163	15330	524	97
163	15330	524	41
163	15330	524	240
163	15330	524	940
163	15330	524	309
163	15330	524	1892
163	15330	524	1116
163	15330	524	1810
163	15330	524	2070
163	15330	524	3047
163	15330	524	2647
163	15330	524	1910
163	15330	524	2819
163	15330	524	2361
163	15330	524	2077
163	15330	524	2453
163	15330	524	2542
163	15330	524	1440
180	15380	574	41
180	15380	574	97
180	15380	574	2057
180	15380	574	1856
180	15380	574	2880
180	15380	574	259
180	15380	574	1289
196	15430	624	41
196	15430	624	97
196	15430	624	259
196	15430	624	2054
196	15430	624	1381
37	14880	24	440
37	14880	24	202
37	14880	24	1120
37	14880	24	1597
37	14880	24	489
37	14880	24	374
37	14880	24	3059
37	14880	24	50
37	14880	24	400
37	14880	24	2221
37	14880	24	1253
57	14980	124	236
57	14980	124	56
57	14980	124	100
57	14980	124	245
57	14980	124	347
57	14980	124	946
57	14980	124	1255
57	14980	124	1237
57	14980	124	1323
57	14980	124	120
57	14980	124	137
82	15080	224	135
82	15080	224	100
82	15080	224	620
82	15080	224	2851
82	15080	224	527
82	15080	224	902
82	15080	224	94
82	15080	224	2469
82	15080	224	723
82	15080	224	2408
82	15080	224	1608
82	15080	224	1063
82	15080	224	155
82	15080	224	1397
82	15080	224	2039
82	15080	224	2503
82	15080	224	29
82	15080	224	1485
82	15080	224	1010
111	15180	324	139
111	15180	324	254
111	15180	324	950
111	15180	324	1450
111	15180	324	1506
111	15180	324	1287
111	15180	324	835
111	15180	324	241
111	15180	324	392
111	15180	324	1472
111	15180	324	82
111	15180	324	1082
111	15180	324	1691
111	15180	324	1399
111	15180	324	1674
111	15180	324	3271
111	15180	324	279
111	15180	324	93
111	15180	324	2950
111	15180	324	3319
111	15180	324	1408
111	15180	324	201
111	15180	324	3282
111	15180	324	1443
111	15180	324	2554
111	15180	324	307
111	15180	324	321
111	15180	324	3183
55	14930	74	410
55	14930	74	16
55	14930	74	1610
55	14930	74	202
55	14930	74	408
55	14930	74	245
55	14930	74	50
55	14930	74	2841
55	14930	74	1323
55	14930	74	3296
55	14930	74	783
55	14930	74	427
69	15030	174	100
69	15030	174	913
69	15030	174	56
69	15030	174	1146
69	15030	174	1767
69	15030	174	1001
69	15030	174	1629
69	15030	174	2521
69	15030	174	2689
69	15030	174	401
69	15030	174	1895
69	15030	174	1218
69	15030	174	2699
69	15030	174	3280
69	15030	174	989
69	15030	174	2632
69	15030	174	29
69	15030	174	155
69	15030	174	692
96	15130	274	199
96	15130	274	254
96	15130	274	947
96	15130	274	94
96	15130	274	1094
96	15130	274	2990
96	15130	274	1192
96	15130	274	657
96	15130	274	568
96	15130	274	2907
96	15130	274	394
96	15130	274	2557
96	15130	274	93
96	15130	274	135
96	15130	274	1263
96	15130	274	1916
96	15130	274	1876
96	15130	274	1050
96	15130	274	1899
96	15130	274	627
96	15130	274	1896
96	15130	274	2039
96	15130	274	139
96	15130	274	2031
96	15130	274	1156
96	15130	274	725
96	15130	274	40
96	15130	274	458
127	15230	374	1079
127	15230	374	256
127	15230	374	341
127	15230	374	1464
127	15230	374	128
127	15230	374	596
127	15230	374	2023
127	15230	374	1913
127	15230	374	230
127	15230	374	863
127	15230	374	2024
127	15230	374	156
127	15230	374	1039
127	15230	374	1099
127	15230	374	436
127	15230	374	3176
127	15230	374	88
127	15230	374	529
127	15230	374	459
127	15230	374	3187
127	15230	374	674
127	15230	374	879
127	15230	374	493
127	15230	374	682
127	15230	374	3217
127	15230	374	3188
127	15230	374	82
127	15230	374	257
127	15230	374	2348
127	15230	374	2312
127	15230	374	1111
127	15230	374	1430
127	15230	374	3011
127	15230	374	115
127	15230	374	2554
127	15230	374	2509
127	15230	374	1075
127	15230	374	1386
144	15280	424	97
144	15280	424	2518
144	15280	424	41
144	15280	424	2759
144	15280	424	2761
144	15280	424	283
144	15280	424	45
144	15280	424	2172
144	15280	424	1459
144	15280	424	2132
144	15280	424	1861
144	15280	424	3242
144	15280	424	1007
144	15280	424	156
144	15280	424	2830
144	15280	424	2789
144	15280	424	3055
144	15280	424	238
144	15280	424	2049
144	15280	424	504
144	15280	424	475
144	15280	424	3133
144	15280	424	215
144	15280	424	516
144	15280	424	2827
144	15280	424	2953
144	15280	424	338
144	15280	424	1111
144	15280	424	1193
144	15280	424	2602
144	15280	424	1114
144	15280	424	115
144	15280	424	2129
144	15280	424	2229
144	15280	424	1565
144	15280	424	75
144	15280	424	124
144	15280	424	2207
144	15280	424	501
144	15280	424	141
144	15280	424	2204
179	15380	524	97
179	15380	524	41
179	15380	524	2361
179	15380	524	1654
179	15380	524	1733
179	15380	524	1641
179	15380	524	3030
179	15380	524	118
179	15380	524	229
179	15380	524	32
179	15380	524	1585
179	15380	524	632
179	15380	524	1940
179	15380	524	275
179	15380	524	363
179	15380	524	944
179	15380	524	2853
195	15430	574	41
195	15430	574	259
195	15430	574	97
195	15430	574	470
195	15430	574	1289
195	15430	574	2243
195	15430	574	224
195	15430	574	2209
195	15430	574	2245
195	15430	574	1165
195	15430	574	2153
195	15430	574	3231
195	15430	574	1785
195	15430	574	2921
195	15430	574	3313
195	15430	574	2242
195	15430	574	325
195	15430	574	183
161	15330	474	41
161	15330	474	97
161	15330	474	593
161	15330	474	3240
161	15330	474	3186
161	15330	474	1101
161	15330	474	2183
161	15330	474	1233
161	15330	474	1440
161	15330	474	2559
161	15330	474	2486
161	15330	474	551
161	15330	474	737
161	15330	474	1790
161	15330	474	1454
161	15330	474	960
161	15330	474	2108
161	15330	474	64
161	15330	474	229
161	15330	474	3167
161	15330	474	1466
161	15330	474	523
161	15330	474	2514
161	15330	474	1046
161	15330	474	1
161	15330	474	3079
161	15330	474	67
161	15330	474	986
161	15330	474	526
210	15480	624	259
210	15480	624	3290
210	15480	624	97
210	15480	624	311
46	14930	24	50
46	14930	24	202
46	14930	24	783
46	14930	24	1253
46	14930	24	1323
46	14930	24	3134
46	14930	24	427
46	14930	24	622
65	14980	74	245
65	14980	74	1323
65	14980	74	347
65	14980	74	137
65	14980	74	120
65	14980	74	427
65	14980	74	1974
65	14980	74	339
68	15030	124	100
68	15030	124	692
68	15030	124	347
68	15030	124	29
68	15030	124	120
68	15030	124	572
81	15080	174	155
81	15080	174	100
81	15080	174	2503
81	15080	174	1252
81	15080	174	29
81	15080	174	2365
81	15080	174	1250
81	15080	174	1893
81	15080	174	216
95	15130	224	2039
95	15130	224	94
95	15130	224	1397
95	15130	224	725
95	15130	224	2937
95	15130	224	627
95	15130	224	100
95	15130	224	2938
95	15130	224	458
95	15130	224	2324
95	15130	224	1010
95	15130	224	2893
95	15130	224	29
95	15130	224	639
95	15130	224	2251
95	15130	224	40
95	15130	224	384
95	15130	224	936
95	15130	224	642
95	15130	224	2210
95	15130	224	3169
95	15130	224	2690
95	15130	224	676
95	15130	224	1621
95	15130	224	108
95	15130	224	1969
95	15130	224	3097
110	15180	274	139
110	15180	274	93
110	15180	274	40
110	15180	274	201
110	15180	274	1392
110	15180	274	3102
110	15180	274	94
110	15180	274	458
110	15180	274	246
110	15180	274	1667
110	15180	274	2878
110	15180	274	3185
110	15180	274	24
126	15230	324	2554
126	15230	324	82
126	15230	324	1075
126	15230	324	321
126	15230	324	115
126	15230	324	2556
126	15230	324	139
126	15230	324	201
126	15230	324	1842
126	15230	324	1333
126	15230	324	1560
126	15230	324	3099
126	15230	324	1760
126	15230	324	460
143	15280	374	1111
143	15280	374	156
143	15280	374	115
143	15280	374	1193
143	15280	374	45
143	15280	374	1565
143	15280	374	82
143	15280	374	215
143	15280	374	1112
143	15280	374	2877
143	15280	374	75
143	15280	374	1140
143	15280	374	288
160	15330	424	97
160	15330	424	2765
160	15330	424	41
160	15330	424	1790
160	15330	424	737
160	15330	424	1962
160	15330	424	2108
160	15330	424	2662
160	15330	424	954
160	15330	424	124
160	15330	424	338
160	15330	424	2516
160	15330	424	2207
160	15330	424	1466
160	15330	424	67
160	15330	424	1624
160	15330	424	1922
160	15330	424	3264
160	15330	424	3132
160	15330	424	141
160	15330	424	1539
160	15330	424	501
160	15330	424	2707
160	15330	424	2204
160	15330	424	1495
160	15330	424	3144
160	15330	424	2645
160	15330	424	2709
160	15330	424	491
160	15330	424	2155
160	15330	424	1981
160	15330	424	1
160	15330	424	75
160	15330	424	64
160	15330	424	9
160	15330	424	1022
160	15330	424	3072
160	15330	424	565
160	15330	424	2989
160	15330	424	2104
160	15330	424	2463
160	15330	424	378
160	15330	424	526
160	15330	424	2413
160	15330	424	2368
160	15330	424	2906
160	15330	424	418
160	15330	424	996
160	15330	424	2585
160	15330	424	689
160	15330	424	2203
160	15330	424	2927
160	15330	424	1778
160	15330	424	672
160	15330	424	1469
160	15330	424	1577
160	15330	424	3035
160	15330	424	1779
160	15330	424	214
160	15330	424	1524
160	15330	424	79
160	15330	424	14
160	15330	424	1703
160	15330	424	1369
160	15330	424	2795
160	15330	424	2259
177	15380	474	97
177	15380	474	41
177	15380	474	1454
177	15380	474	229
177	15380	474	617
177	15380	474	64
177	15380	474	632
177	15380	474	2865
177	15380	474	275
177	15380	474	2133
177	15380	474	986
177	15380	474	462
177	15380	474	3079
177	15380	474	3076
177	15380	474	2485
177	15380	474	1989
177	15380	474	1921
177	15380	474	3083
177	15380	474	363
177	15380	474	984
177	15380	474	32
177	15380	474	1
177	15380	474	1636
177	15380	474	526
177	15380	474	1444
177	15380	474	1956
177	15380	474	1797
177	15380	474	3295
177	15380	474	1818
177	15380	474	2882
177	15380	474	1752
177	15380	474	70
177	15380	474	2867
177	15380	474	3060
177	15380	474	2724
177	15380	474	2870
177	15380	474	2544
177	15380	474	3221
177	15380	474	1462
177	15380	474	2744
177	15380	474	2265
177	15380	474	3324
177	15380	474	259
177	15380	474	195
177	15380	474	2958
177	15380	474	2122
177	15380	474	2293
194	15430	524	41
194	15430	524	97
194	15430	524	118
194	15430	524	3056
194	15430	524	32
194	15430	524	183
194	15430	524	944
194	15430	524	1684
194	15430	524	869
194	15430	524	259
194	15430	524	325
194	15430	524	1686
194	15430	524	1531
194	15430	524	1689
194	15430	524	1147
194	15430	524	3320
194	15430	524	103
194	15430	524	1818
194	15430	524	131
194	15430	524	2373
194	15430	524	1680
194	15430	524	2714
194	15430	524	1682
194	15430	524	228
194	15430	524	3052
194	15430	524	2975
194	15430	524	519
194	15430	524	534
194	15430	524	3314
194	15430	524	2307
194	15430	524	1562
194	15430	524	780
194	15430	524	920
194	15430	524	1414
194	15430	524	2534
209	15480	574	97
209	15480	574	259
209	15480	574	2245
209	15480	574	311
209	15480	574	542
209	15480	574	1785
209	15480	574	3293
209	15480	574	1819
209	15480	574	1928
209	15480	574	153
209	15480	574	325
209	15480	574	2449
209	15480	574	2727
209	15480	574	1696
209	15480	574	1363
209	15480	574	537
209	15480	574	186
209	15480	574	1236
209	15480	574	2433
56	14980	24	1323
56	14980	24	427
56	14980	24	622
56	14980	24	1974
56	14980	24	339
56	14980	24	50
56	14980	24	1024
56	14980	24	2815
56	14980	24	243
56	14980	24	1522
56	14980	24	589
80	15080	124	29
80	15080	124	100
80	15080	124	120
80	15080	124	216
80	15080	124	572
80	15080	124	1467
109	15180	224	94
109	15180	224	40
109	15180	224	2939
109	15180	224	1174
109	15180	224	642
109	15180	224	384
109	15180	224	712
109	15180	224	3021
109	15180	224	172
109	15180	224	108
109	15180	224	1358
109	15180	224	201
109	15180	224	3135
109	15180	224	1162
109	15180	224	24
109	15180	224	299
142	15280	324	115
142	15280	324	82
142	15280	324	288
142	15280	324	201
142	15280	324	460
142	15280	324	2639
142	15280	324	2000
142	15280	324	1550
142	15280	324	1497
142	15280	324	2288
142	15280	324	2375
142	15280	324	266
176	15380	424	1
176	15380	424	526
176	15380	424	67
176	15380	424	1752
176	15380	424	2161
176	15380	424	418
176	15380	424	2028
176	15380	424	2906
176	15380	424	2622
176	15380	424	1302
176	15380	424	834
176	15380	424	64
176	15380	424	1577
176	15380	424	70
176	15380	424	9
176	15380	424	14
176	15380	424	1773
176	15380	424	3074
176	15380	424	65
176	15380	424	2795
176	15380	424	390
176	15380	424	2976
176	15380	424	2793
176	15380	424	2515
176	15380	424	2259
176	15380	424	2402
176	15380	424	2446
176	15380	424	3036
176	15380	424	79
176	15380	424	2292
176	15380	424	2888
176	15380	424	2122
176	15380	424	177
176	15380	424	2891
176	15380	424	720
176	15380	424	1829
176	15380	424	1494
176	15380	424	259
176	15380	424	2981
176	15380	424	728
176	15380	424	272
176	15380	424	1272
176	15380	424	3078
176	15380	424	2828
176	15380	424	2089
176	15380	424	2849
176	15380	424	305
176	15380	424	2275
176	15380	424	3077
176	15380	424	1428
176	15380	424	1371
176	15380	424	566
176	15380	424	2148
176	15380	424	2496
176	15380	424	2495
176	15380	424	2908
176	15380	424	804
176	15380	424	1765
176	15380	424	2523
176	15380	424	127
176	15380	424	2547
176	15380	424	1141
176	15380	424	990
76	15030	74	120
76	15030	74	347
76	15030	74	137
76	15030	74	427
76	15030	74	572
76	15030	74	339
76	15030	74	1628
76	15030	74	243
94	15130	174	29
94	15130	174	639
94	15130	174	100
94	15130	174	676
94	15130	174	216
94	15130	174	811
94	15130	174	2971
94	15130	174	108
94	15130	174	190
125	15230	274	201
125	15230	274	139
125	15230	274	1333
125	15230	274	246
125	15230	274	2280
125	15230	274	2316
125	15230	274	1157
125	15230	274	797
125	15230	274	3107
125	15230	274	1343
125	15230	274	621
125	15230	274	24
125	15230	274	2314
125	15230	274	46
125	15230	274	460
125	15230	274	2335
125	15230	274	40
125	15230	274	3140
159	15330	374	75
159	15330	374	141
159	15330	374	996
159	15330	374	115
159	15330	374	689
159	15330	374	9
159	15330	374	1676
159	15330	374	214
159	15330	374	288
159	15330	374	2050
159	15330	374	2550
159	15330	374	1369
159	15330	374	1524
159	15330	374	79
159	15330	374	775
159	15330	374	1593
159	15330	374	3284
159	15330	374	2109
159	15330	374	67
159	15330	374	2902
159	15330	374	2111
159	15330	374	1061
159	15330	374	2110
159	15330	374	1830
159	15330	374	2318
159	15330	374	490
159	15330	374	562
159	15330	374	3101
159	15330	374	729
159	15330	374	1999
159	15330	374	870
159	15330	374	1761
159	15330	374	1384
159	15330	374	3158
159	15330	374	1762
159	15330	374	770
159	15330	374	389
159	15330	374	1295
192	15430	474	32
192	15430	474	1818
192	15430	474	103
192	15430	474	275
192	15430	474	944
192	15430	474	432
192	15430	474	3110
192	15430	474	259
192	15430	474	2544
192	15430	474	2084
192	15430	474	614
192	15430	474	3060
192	15430	474	2724
192	15430	474	2959
192	15430	474	2866
192	15430	474	2975
192	15430	474	2960
192	15430	474	195
192	15430	474	1189
192	15430	474	1540
192	15430	474	3322
192	15430	474	2102
192	15430	474	1670
192	15430	474	70
192	15430	474	1945
192	15430	474	534
192	15430	474	2379
192	15430	474	586
192	15430	474	2944
192	15430	474	1422
192	15430	474	2025
192	15430	474	1555
192	15430	474	2360
192	15430	474	1826
192	15430	474	3112
192	15430	474	1035
192	15430	474	2139
192	15430	474	2702
192	15430	474	269
192	15430	474	2341
192	15430	474	65
192	15430	474	2021
192	15430	474	2769
192	15430	474	1281
192	15430	474	2527
208	15480	524	259
208	15480	524	325
208	15480	524	1798
208	15480	524	1236
208	15480	524	2307
208	15480	524	1414
208	15480	524	534
208	15480	524	150
208	15480	524	186
208	15480	524	3109
208	15480	524	780
208	15480	524	3020
208	15480	524	1071
208	15480	524	2303
208	15480	524	409
208	15480	524	2904
208	15480	524	43
208	15480	524	2305
208	15480	524	2909
208	15480	524	2278
208	15480	524	2169
208	15480	524	59
208	15480	524	1742
208	15480	524	188
208	15480	524	3292
208	15480	524	53
208	15480	524	136
208	15480	524	2309
222	15530	574	186
222	15530	574	259
222	15530	574	2257
67	15030	24	339
67	15030	24	427
67	15030	24	243
67	15030	24	589
67	15030	24	271
67	15030	24	500
67	15030	24	120
67	15030	24	1547
88	15080	74	572
88	15080	74	120
88	15080	74	29
88	15080	74	339
88	15080	74	1467
88	15080	74	243
88	15080	74	193
93	15130	124	216
93	15130	124	29
93	15130	124	1247
93	15130	124	120
93	15130	124	1467
93	15130	124	190
93	15130	124	911
93	15130	124	1243
93	15130	124	1468
93	15130	124	2119
108	15180	174	108
108	15180	174	1040
108	15180	174	172
108	15180	174	216
108	15180	174	1357
108	15180	174	1159
108	15180	174	24
108	15180	174	299
108	15180	174	3013
108	15180	174	190
108	15180	174	597
108	15180	174	2146
124	15230	224	201
124	15230	224	40
124	15230	224	24
124	15230	224	94
124	15230	224	621
124	15230	224	2682
124	15230	224	46
124	15230	224	299
124	15230	224	1331
124	15230	224	2663
124	15230	224	598
124	15230	224	966
124	15230	224	1329
141	15280	274	460
141	15280	274	201
141	15280	274	2335
141	15280	274	2000
141	15280	274	46
141	15280	274	288
141	15280	274	621
141	15280	274	266
141	15280	274	710
141	15280	274	3306
141	15280	274	2374
158	15330	324	288
158	15330	324	115
158	15330	324	3101
158	15330	324	1550
158	15330	324	775
158	15330	324	870
158	15330	324	1762
158	15330	324	266
158	15330	324	2375
158	15330	324	389
158	15330	324	2618
158	15330	324	181
175	15380	374	67
175	15380	374	79
175	15380	374	1830
175	15380	374	2849
175	15380	374	490
175	15380	374	729
175	15380	374	1371
175	15380	374	305
175	15380	374	2230
175	15380	374	566
175	15380	374	1765
175	15380	374	3158
175	15380	374	726
175	15380	374	127
175	15380	374	1394
175	15380	374	775
175	15380	374	770
175	15380	374	1178
175	15380	374	801
175	15380	374	2504
175	15380	374	1905
175	15380	374	389
175	15380	374	1295
175	15380	374	990
175	15380	374	858
175	15380	374	1782
175	15380	374	2822
175	15380	374	2351
175	15380	374	1858
175	15380	374	1718
175	15380	374	2254
175	15380	374	864
175	15380	374	3125
175	15380	374	1164
175	15380	374	2041
175	15380	374	973
175	15380	374	1998
175	15380	374	2406
175	15380	374	1138
175	15380	374	2106
175	15380	374	144
175	15380	374	1836
175	15380	374	2512
175	15380	374	1372
175	15380	374	2735
175	15380	374	1019
175	15380	374	151
175	15380	374	3034
175	15380	374	1825
175	15380	374	22
175	15380	374	1757
175	15380	374	2063
175	15380	374	1396
175	15380	374	1553
175	15380	374	2751
175	15380	374	3326
175	15380	374	2916
175	15380	374	146
175	15380	374	2290
206	15480	474	534
206	15480	474	259
206	15480	474	59
206	15480	474	1374
206	15480	474	43
206	15480	474	3292
206	15480	474	904
206	15480	474	2698
206	15480	474	192
206	15480	474	586
206	15480	474	1890
206	15480	474	2346
206	15480	474	2422
206	15480	474	53
206	15480	474	2736
206	15480	474	195
206	15480	474	65
206	15480	474	2426
206	15480	474	1479
206	15480	474	2429
206	15480	474	606
206	15480	474	739
206	15480	474	1669
206	15480	474	302
206	15480	474	2430
206	15480	474	136
206	15480	474	2527
206	15480	474	37
206	15480	474	2428
206	15480	474	1477
206	15480	474	1796
206	15480	474	2309
206	15480	474	1604
206	15480	474	2427
206	15480	474	2016
206	15480	474	2546
206	15480	474	3294
206	15480	474	1690
206	15480	474	948
206	15480	474	1685
206	15480	474	1104
206	15480	474	2630
206	15480	474	285
206	15480	474	3108
206	15480	474	2240
206	15480	474	1729
206	15480	474	2397
206	15480	474	1234
206	15480	474	2189
206	15480	474	1897
206	15480	474	813
206	15480	474	2467
206	15480	474	2093
206	15480	474	2558
206	15480	474	92
221	15530	524	259
221	15530	524	186
221	15530	524	2278
221	15530	524	188
221	15530	524	150
221	15530	524	372
221	15530	524	2560
221	15530	524	2261
221	15530	524	136
221	15530	524	2244
221	15530	524	2752
221	15530	524	705
221	15530	524	1477
221	15530	524	91
221	15530	524	2199
221	15530	524	2480
221	15530	524	2332
221	15530	524	1167
221	15530	524	53
221	15530	524	2785
221	15530	524	751
221	15530	524	2333
221	15530	524	2009
221	15530	524	1650
221	15530	524	2022
221	15530	524	1306
221	15530	524	2862
221	15530	524	303
221	15530	524	1865
221	15530	524	678
221	15530	524	2105
221	15530	524	2215
191	15430	424	70
191	15430	424	259
191	15430	424	177
191	15430	424	1272
191	15430	424	195
191	15430	424	65
191	15430	424	1216
191	15430	424	3015
191	15430	424	2148
191	15430	424	894
191	15430	424	2139
191	15430	424	1037
191	15430	424	1141
191	15430	424	2094
191	15430	424	127
191	15430	424	2564
191	15430	424	1927
191	15430	424	1135
191	15430	424	635
191	15430	424	1957
191	15430	424	1873
191	15430	424	320
191	15430	424	2241
191	15430	424	2120
191	15430	424	1191
191	15430	424	3302
191	15430	424	804
191	15430	424	1770
191	15430	424	2965
191	15430	424	2390
191	15430	424	1025
191	15430	424	144
191	15430	424	2737
191	15430	424	2399
191	15430	424	3179
191	15430	424	2131
191	15430	424	2395
191	15430	424	2300
191	15430	424	603
191	15430	424	3160
191	15430	424	3228
191	15430	424	1083
191	15430	424	3226
191	15430	424	1271
191	15430	424	297
191	15430	424	1136
191	15430	424	1891
191	15430	424	99
191	15430	424	2977
191	15430	424	167
191	15430	424	1717
191	15430	424	2825
191	15430	424	1941
191	15430	424	768
191	15430	424	2832
191	15430	424	1642
191	15430	424	2447
191	15430	424	1475
191	15430	424	2994
191	15430	424	1854
191	15430	424	1434
191	15430	424	365
79	15080	24	120
79	15080	24	243
79	15080	24	339
79	15080	24	193
79	15080	24	271
79	15080	24	589
79	15080	24	1130
79	15080	24	485
79	15080	24	2697
107	15180	124	216
107	15180	124	190
107	15180	124	1489
107	15180	124	1179
107	15180	124	1243
107	15180	124	1096
107	15180	124	1575
140	15280	224	621
140	15280	224	46
140	15280	224	710
140	15280	224	24
140	15280	224	2663
140	15280	224	1329
140	15280	224	266
140	15280	224	629
174	15380	324	389
174	15380	324	870
174	15380	324	1070
174	15380	324	1164
174	15380	324	288
174	15380	324	67
174	15380	324	801
174	15380	324	2618
174	15380	324	151
174	15380	324	3174
174	15380	324	1207
174	15380	324	1721
174	15380	324	1553
174	15380	324	2955
174	15380	324	22
174	15380	324	2302
174	15380	324	266
174	15380	324	181
174	15380	324	1730
174	15380	324	107
174	15380	324	146
174	15380	324	2561
174	15380	324	842
174	15380	324	2234
174	15380	324	1002
174	15380	324	592
174	15380	324	861
174	15380	324	1015
174	15380	324	2505
174	15380	324	2511
174	15380	324	815
174	15380	324	3336
174	15380	324	1992
174	15380	324	655
174	15380	324	552
205	15480	424	2527
205	15480	424	65
205	15480	424	2914
205	15480	424	3129
205	15480	424	1604
205	15480	424	1083
205	15480	424	1198
205	15480	424	1104
205	15480	424	1194
205	15480	424	2397
205	15480	424	297
205	15480	424	2500
205	15480	424	603
205	15480	424	3222
205	15480	424	2890
205	15480	424	2966
205	15480	424	37
205	15480	424	1897
205	15480	424	768
205	15480	424	2208
205	15480	424	2391
205	15480	424	2659
205	15480	424	1917
205	15480	424	2447
205	15480	424	1698
205	15480	424	285
205	15480	424	231
205	15480	424	167
205	15480	424	3251
205	15480	424	1925
205	15480	424	2056
205	15480	424	53
205	15480	424	2396
205	15480	424	365
205	15480	424	1854
205	15480	424	149
205	15480	424	2349
205	15480	424	2125
205	15480	424	1607
205	15480	424	2467
205	15480	424	1851
205	15480	424	2383
205	15480	424	980
205	15480	424	1728
205	15480	424	1695
205	15480	424	837
205	15480	424	2833
205	15480	424	3090
205	15480	424	3178
205	15480	424	1434
205	15480	424	1554
205	15480	424	166
205	15480	424	92
205	15480	424	2920
205	15480	424	2158
205	15480	424	610
205	15480	424	1852
205	15480	424	2912
205	15480	424	117
205	15480	424	3065
205	15480	424	2626
205	15480	424	2167
205	15480	424	1239
205	15480	424	2350
205	15480	424	35
205	15480	424	734
205	15480	424	3254
205	15480	424	3285
205	15480	424	2590
205	15480	424	1240
205	15480	424	912
205	15480	424	73
205	15480	424	3260
205	15480	424	1949
205	15480	424	2774
205	15480	424	2479
205	15480	424	932
101	15130	74	120
101	15130	74	1467
101	15130	74	911
101	15130	74	1468
101	15130	74	776
101	15130	74	1243
101	15130	74	2119
101	15130	74	193
101	15130	74	1507
101	15130	74	665
101	15130	74	608
101	15130	74	2115
101	15130	74	3105
101	15130	74	2272
101	15130	74	2531
123	15230	174	299
123	15230	174	24
123	15230	174	3070
123	15230	174	216
123	15230	174	1103
123	15230	174	598
123	15230	174	597
123	15230	174	966
123	15230	174	621
123	15230	174	113
123	15230	174	806
123	15230	174	1427
123	15230	174	3223
157	15330	274	266
157	15330	274	288
157	15330	274	3306
157	15330	274	2374
157	15330	274	181
157	15330	274	90
157	15330	274	1929
157	15330	274	494
157	15330	274	46
157	15330	274	1309
157	15330	274	979
190	15430	374	127
190	15430	374	3125
190	15430	374	2192
190	15430	374	144
190	15430	374	1388
190	15430	374	2861
190	15430	374	3216
190	15430	374	99
190	15430	374	3034
190	15430	374	1136
190	15430	374	514
190	15430	374	3241
190	15430	374	328
190	15430	374	22
190	15430	374	696
190	15430	374	1642
190	15430	374	544
190	15430	374	65
190	15430	374	1681
190	15430	374	2364
190	15430	374	1731
190	15430	374	2387
190	15430	374	2308
190	15430	374	2994
190	15430	374	3326
190	15430	374	2363
190	15430	374	958
190	15430	374	1434
190	15430	374	146
190	15430	374	2296
190	15430	374	926
190	15430	374	2290
190	15430	374	365
190	15430	374	704
190	15430	374	2871
190	15430	374	574
190	15430	374	282
190	15430	374	2848
190	15430	374	540
190	15430	374	1534
190	15430	374	2279
190	15430	374	927
190	15430	374	2476
190	15430	374	3173
190	15430	374	2589
190	15430	374	1671
190	15430	374	1404
190	15430	374	850
190	15430	374	359
190	15430	374	2576
190	15430	374	1617
190	15430	374	1231
190	15430	374	654
190	15430	374	531
190	15430	374	1442
190	15430	374	443
219	15530	474	1477
219	15530	474	259
219	15530	474	53
219	15530	474	1685
219	15530	474	1620
219	15530	474	948
219	15530	474	751
219	15530	474	2092
219	15530	474	1234
219	15530	474	1958
219	15530	474	1021
219	15530	474	268
219	15530	474	2510
219	15530	474	1306
219	15530	474	2269
219	15530	474	2614
219	15530	474	303
219	15530	474	1584
219	15530	474	1865
219	15530	474	358
219	15530	474	2093
219	15530	474	1389
219	15530	474	2551
219	15530	474	877
219	15530	474	2705
219	15530	474	2194
219	15530	474	2195
219	15530	474	2615
219	15530	474	92
219	15530	474	3096
219	15530	474	678
219	15530	474	931
219	15530	474	318
219	15530	474	774
219	15530	474	2935
219	15530	474	2970
219	15530	474	742
219	15530	474	3084
219	15530	474	2416
219	15530	474	3308
219	15530	474	249
219	15530	474	2193
219	15530	474	370
219	15530	474	623
219	15530	474	2562
219	15530	474	371
219	15530	474	2900
219	15530	474	1807
219	15530	474	2525
219	15530	474	479
219	15530	474	1488
219	15530	474	20
219	15530	474	2899
219	15530	474	2895
233	15580	524	303
233	15580	524	678
233	15580	524	1650
233	15580	524	2215
92	15130	24	120
92	15130	24	193
92	15130	24	485
92	15130	24	1507
92	15130	24	3105
92	15130	24	1243
92	15130	24	589
92	15130	24	1417
92	15130	24	1943
92	15130	24	1715
115	15180	74	1243
115	15180	74	190
115	15180	74	1197
115	15180	74	776
115	15180	74	2115
115	15180	74	1096
115	15180	74	2837
115	15180	74	216
115	15180	74	2531
115	15180	74	1251
115	15180	74	2773
115	15180	74	76
122	15230	124	216
122	15230	124	113
122	15230	124	806
122	15230	124	190
122	15230	124	724
122	15230	124	24
122	15230	124	1445
122	15230	124	3161
122	15230	124	1649
139	15280	174	24
139	15280	174	621
139	15280	174	1427
139	15280	174	1107
139	15280	174	216
139	15280	174	629
139	15280	174	1032
139	15280	174	1630
156	15330	224	46
156	15330	224	266
156	15330	224	1929
156	15330	224	621
156	15330	224	629
156	15330	224	101
156	15330	224	58
173	15380	274	288
173	15380	274	181
173	15380	274	90
173	15380	274	266
173	15380	274	1833
173	15380	274	815
173	15380	274	46
173	15380	274	101
173	15380	274	552
173	15380	274	1493
189	15430	324	146
189	15430	324	2290
189	15430	324	22
189	15430	324	842
189	15430	324	1204
189	15430	324	2753
189	15430	324	2339
189	15430	324	787
189	15430	324	282
189	15430	324	107
189	15430	324	1207
189	15430	324	3085
189	15430	324	1463
189	15430	324	359
189	15430	324	266
189	15430	324	147
189	15430	324	2892
189	15430	324	1992
189	15430	324	2718
189	15430	324	1838
189	15430	324	1857
189	15430	324	65
189	15430	324	2366
189	15430	324	1991
189	15430	324	3066
189	15430	324	1652
189	15430	324	1581
189	15430	324	2184
189	15430	324	1699
189	15430	324	3163
189	15430	324	1518
189	15430	324	95
189	15430	324	1813
189	15430	324	2401
189	15430	324	101
189	15430	324	1084
189	15430	324	2168
189	15430	324	2747
189	15430	324	1573
189	15430	324	350
189	15430	324	539
204	15480	374	1434
204	15480	374	365
204	15480	374	65
204	15480	374	1048
204	15480	374	3065
204	15480	374	35
204	15480	374	1229
204	15480	374	1419
204	15480	374	540
204	15480	374	117
204	15480	374	3285
204	15480	374	734
204	15480	374	1404
204	15480	374	654
204	15480	374	3123
204	15480	374	2393
204	15480	374	18
204	15480	374	1328
204	15480	374	3260
204	15480	374	2286
204	15480	374	1978
204	15480	374	2152
204	15480	374	1665
204	15480	374	2923
204	15480	374	1030
204	15480	374	932
204	15480	374	443
204	15480	374	1240
204	15480	374	335
204	15480	374	2838
204	15480	374	898
204	15480	374	2394
204	15480	374	217
204	15480	374	839
204	15480	374	1552
204	15480	374	2575
204	15480	374	3113
204	15480	374	564
204	15480	374	3082
204	15480	374	987
204	15480	374	178
204	15480	374	2840
204	15480	374	206
204	15480	374	2754
204	15480	374	1431
204	15480	374	34
204	15480	374	208
204	15480	374	2610
204	15480	374	2436
204	15480	374	342
204	15480	374	348
218	15530	424	285
218	15530	424	92
218	15530	424	948
218	15530	424	610
218	15530	424	53
218	15530	424	371
218	15530	424	73
218	15530	424	1486
218	15530	424	1872
218	15530	424	1488
218	15530	424	370
218	15530	424	2478
218	15530	424	2283
218	15530	424	2144
218	15530	424	634
218	15530	424	2282
218	15530	424	1240
218	15530	424	1704
218	15530	424	697
218	15530	424	20
218	15530	424	2479
218	15530	424	2284
218	15530	424	1395
218	15530	424	74
218	15530	424	2508
218	15530	424	1552
218	15530	424	12
218	15530	424	777
218	15530	424	1923
218	15530	424	585
218	15530	424	1219
218	15530	424	165
218	15530	424	2437
218	15530	424	3327
218	15530	424	2627
218	15530	424	2609
218	15530	424	2607
218	15530	424	1125
218	15530	424	2439
218	15530	424	1889
218	15530	424	3165
218	15530	424	2567
218	15530	424	2566
218	15530	424	174
218	15530	424	3310
218	15530	424	803
218	15530	424	2174
218	15530	424	3321
231	15580	474	303
231	15580	474	678
231	15580	474	774
231	15580	474	2215
231	15580	474	3084
231	15580	474	1389
231	15580	474	259
231	15580	474	1885
231	15580	474	1887
231	15580	474	20
231	15580	474	1864
231	15580	474	2640
231	15580	474	3016
231	15580	474	479
231	15580	474	623
231	15580	474	2996
231	15580	474	2435
231	15580	474	2548
231	15580	474	2211
231	15580	474	3182
231	15580	474	2101
231	15580	474	2898
231	15580	474	2631
231	15580	474	745
231	15580	474	2792
231	15580	474	2578
231	15580	474	2508
231	15580	474	1398
231	15580	474	1488
231	15580	474	976
231	15580	474	74
231	15580	474	3190
231	15580	474	2370
231	15580	474	585
231	15580	474	2961
231	15580	474	1186
231	15580	474	1933
231	15580	474	2198
231	15580	474	1993
231	15580	474	2268
231	15580	474	666
231	15580	474	3159
231	15580	474	733
231	15580	474	935
231	15580	474	487
231	15580	474	3067
231	15580	474	2997
106	15180	24	1243
106	15180	24	2531
106	15180	24	1417
106	15180	24	76
106	15180	24	485
106	15180	24	1943
106	15180	24	216
106	15180	24	1659
138	15280	124	24
138	15280	124	1630
138	15280	124	216
138	15280	124	113
138	15280	124	109
138	15280	124	1692
138	15280	124	1649
138	15280	124	455
138	15280	124	1092
138	15280	124	133
138	15280	124	652
172	15380	224	46
172	15380	224	101
172	15380	224	1820
172	15380	224	552
172	15380	224	58
172	15380	224	185
172	15380	224	708
172	15380	224	802
203	15480	324	65
203	15480	324	443
203	15480	324	22
203	15480	324	2695
203	15480	324	2575
203	15480	324	178
203	15480	324	359
203	15480	324	928
203	15480	324	987
203	15480	324	1084
203	15480	324	2137
203	15480	324	206
203	15480	324	2754
203	15480	324	3255
203	15480	324	34
203	15480	324	101
203	15480	324	1573
203	15480	324	1062
203	15480	324	539
203	15480	324	2436
203	15480	324	1544
203	15480	324	2398
203	15480	324	337
203	15480	324	532
203	15480	324	348
203	15480	324	104
203	15480	324	2857
203	15480	324	3106
203	15480	324	2196
203	15480	324	1044
203	15480	324	3195
203	15480	324	2941
203	15480	324	1006
203	15480	324	2983
203	15480	324	1995
203	15480	324	55
203	15480	324	2445
203	15480	324	3120
203	15480	324	3121
203	15480	324	1091
203	15480	324	3118
203	15480	324	836
130	15230	74	190
130	15230	74	2773
130	15230	74	724
130	15230	74	216
130	15230	74	113
130	15230	74	649
130	15230	74	1319
130	15230	74	3161
130	15230	74	76
130	15230	74	133
130	15230	74	1273
155	15330	174	621
155	15330	174	24
155	15330	174	216
155	15330	174	58
155	15330	174	755
155	15330	174	2571
155	15330	174	1777
155	15330	174	1023
188	15430	274	266
188	15430	274	552
188	15430	274	101
188	15430	274	1518
188	15430	274	22
188	15430	274	895
188	15430	274	95
188	15430	274	1493
188	15430	274	1827
188	15430	274	2200
188	15430	274	866
188	15430	274	350
188	15430	274	539
188	15430	274	747
188	15430	274	730
188	15430	274	855
188	15430	274	1230
188	15430	274	270
188	15430	274	2068
188	15430	274	2846
217	15530	374	1240
217	15530	374	1552
217	15530	374	117
217	15530	374	839
217	15530	374	12
217	15530	374	634
217	15530	374	2568
217	15530	374	1664
217	15530	374	2003
217	15530	374	1832
217	15530	374	1898
217	15530	374	2607
217	15530	374	217
217	15530	374	35
217	15530	374	515
217	15530	374	1188
217	15530	374	1304
217	15530	374	1889
217	15530	374	335
217	15530	374	174
217	15530	374	2439
217	15530	374	206
217	15530	374	165
217	15530	374	2674
217	15530	374	1143
217	15530	374	3310
217	15530	374	1564
217	15530	374	342
217	15530	374	2569
217	15530	374	563
217	15530	374	1241
217	15530	374	414
217	15530	374	2704
217	15530	374	348
217	15530	374	30
217	15530	374	262
217	15530	374	890
217	15530	374	2470
217	15530	374	1764
217	15530	374	66
217	15530	374	1041
217	15530	374	2331
217	15530	374	1353
217	15530	374	571
217	15530	374	2113
217	15530	374	2940
217	15530	374	1256
217	15530	374	441
217	15530	374	2458
217	15530	374	1660
217	15530	374	693
217	15530	374	2656
217	15530	374	2946
230	15580	424	2508
230	15580	424	74
230	15580	424	585
230	15580	424	20
230	15580	424	610
230	15580	424	2961
230	15580	424	92
230	15580	424	666
230	15580	424	2080
230	15580	424	111
230	15580	424	2206
230	15580	424	935
230	15580	424	847
230	15580	424	478
230	15580	424	165
230	15580	424	2843
230	15580	424	569
230	15580	424	1391
230	15580	424	1625
230	15580	424	2591
230	15580	424	803
230	15580	424	733
230	15580	424	487
230	15580	424	2174
230	15580	424	546
230	15580	424	3321
230	15580	424	2553
230	15580	424	2876
230	15580	424	2897
230	15580	424	2606
230	15580	424	1133
230	15580	424	2839
230	15580	424	2563
230	15580	424	174
230	15580	424	2441
230	15580	424	1878
230	15580	424	2465
230	15580	424	284
230	15580	424	1732
230	15580	424	1850
230	15580	424	411
230	15580	424	1325
230	15580	424	2048
230	15580	424	54
230	15580	424	2903
230	15580	424	444
230	15580	424	3297
230	15580	424	116
230	15580	424	1173
230	15580	424	2069
230	15580	424	2182
230	15580	424	1772
230	15580	424	1821
230	15580	424	1609
230	15580	424	412
230	15580	424	3068
230	15580	424	668
230	15580	424	3028
230	15580	424	2584
230	15580	424	1038
242	15630	474	20
242	15630	474	2997
242	15630	474	2696
242	15630	474	832
242	15630	474	2794
121	15230	24	76
121	15230	24	216
121	15230	24	133
121	15230	24	1273
121	15230	24	1341
146	15280	74	113
146	15280	74	216
146	15280	74	316
146	15280	74	1142
146	15280	74	455
146	15280	74	1319
146	15280	74	133
146	15280	74	277
146	15280	74	1622
146	15280	74	652
146	15280	74	2974
146	15280	74	2452
146	15280	74	1064
146	15280	74	901
146	15280	74	970
146	15280	74	472
146	15280	74	3245
146	15280	74	1801
146	15280	74	3142
154	15330	124	216
154	15330	124	24
154	15330	124	1092
154	15330	124	1487
154	15330	124	133
154	15330	124	162
154	15330	124	755
154	15330	124	1023
154	15330	124	652
154	15330	124	1982
154	15330	124	3243
154	15330	124	509
154	15330	124	828
154	15330	124	536
171	15380	174	58
171	15380	174	101
171	15380	174	755
171	15380	174	1777
171	15380	174	708
171	15380	174	1737
171	15380	174	1519
171	15380	174	1023
171	15380	174	185
171	15380	174	509
171	15380	174	2643
187	15430	224	101
187	15430	224	552
187	15430	224	1493
187	15430	224	802
187	15430	224	1100
187	15430	224	708
187	15430	224	185
187	15430	224	3247
187	15430	224	650
202	15480	274	101
202	15480	274	539
202	15480	274	337
202	15480	274	855
202	15480	274	2924
202	15480	274	1224
202	15480	274	2941
202	15480	274	55
202	15480	274	270
202	15480	274	2583
202	15480	274	104
202	15480	274	2846
202	15480	274	2474
202	15480	274	836
202	15480	274	373
202	15480	274	522
202	15480	274	78
202	15480	274	1301
202	15480	274	170
202	15480	274	1583
202	15480	274	2992
202	15480	274	506
202	15480	274	957
202	15480	274	2002
216	15530	324	348
216	15530	324	206
216	15530	324	30
216	15530	324	1352
216	15530	324	694
216	15530	324	2175
216	15530	324	34
216	15530	324	1006
216	15530	324	342
216	15530	324	1708
216	15530	324	2506
216	15530	324	675
216	15530	324	441
216	15530	324	2625
216	15530	324	104
216	15530	324	66
216	15530	324	55
216	15530	324	3119
216	15530	324	1152
216	15530	324	295
216	15530	324	896
216	15530	324	3210
216	15530	324	2624
216	15530	324	588
216	15530	324	836
216	15530	324	331
216	15530	324	114
216	15530	324	2239
216	15530	324	2743
216	15530	324	2885
216	15530	324	2962
216	15530	324	1200
216	15530	324	2460
216	15530	324	1226
216	15530	324	722
216	15530	324	2928
216	15530	324	2380
216	15530	324	3209
216	15530	324	3213
216	15530	324	3215
216	15530	324	2812
216	15530	324	2874
216	15530	324	1052
216	15530	324	1057
216	15530	324	2088
216	15530	324	8
216	15530	324	889
229	15580	374	165
229	15580	374	174
229	15580	374	2441
229	15580	374	262
229	15580	374	3193
229	15580	374	1325
229	15580	374	54
229	15580	374	3252
229	15580	374	563
229	15580	374	66
229	15580	374	2327
229	15580	374	2940
229	15580	374	571
229	15580	374	116
229	15580	374	1609
229	15580	374	1051
229	15580	374	3299
229	15580	374	292
229	15580	374	2030
229	15580	374	668
229	15580	374	412
229	15580	374	693
229	15580	374	2850
229	15580	374	157
229	15580	374	1783
229	15580	374	909
229	15580	374	582
229	15580	374	293
229	15580	374	2603
229	15580	374	1513
229	15580	374	2464
229	15580	374	441
229	15580	374	588
229	15580	374	1755
229	15580	374	903
229	15580	374	1038
229	15580	374	882
229	15580	374	2236
229	15580	374	496
229	15580	374	1789
229	15580	374	584
229	15580	374	1817
229	15580	374	2729
229	15580	374	3088
229	15580	374	1008
229	15580	374	3317
229	15580	374	1000
229	15580	374	2033
229	15580	374	1238
229	15580	374	2802
229	15580	374	2613
229	15580	374	1076
229	15580	374	2999
229	15580	374	386
229	15580	374	579
229	15580	374	766
229	15580	374	1294
229	15580	374	2671
229	15580	374	690
229	15580	374	203
241	15630	424	487
241	15630	424	20
241	15630	424	284
241	15630	424	2798
241	15630	424	832
241	15630	424	2896
241	15630	424	2794
241	15630	424	1447
241	15630	424	1314
241	15630	424	116
241	15630	424	1772
241	15630	424	1849
241	15630	424	1931
241	15630	424	953
241	15630	424	3301
241	15630	424	1546
241	15630	424	411
241	15630	424	2260
241	15630	424	2911
241	15630	424	89
241	15630	424	1906
241	15630	424	2095
241	15630	424	1344
241	15630	424	668
241	15630	424	81
241	15630	424	1038
241	15630	424	2053
241	15630	424	39
241	15630	424	1675
241	15630	424	1979
241	15630	424	818
241	15630	424	2532
241	15630	424	923
241	15630	424	3214
241	15630	424	1714
241	15630	424	1265
241	15630	424	503
241	15630	424	3298
241	15630	424	3154
241	15630	424	817
137	15280	24	216
137	15280	24	133
137	15280	24	158
137	15280	24	227
137	15280	24	76
137	15280	24	1098
137	15280	24	161
137	15280	24	821
137	15280	24	1348
170	15380	124	1023
170	15380	124	755
170	15380	124	509
170	15380	124	2411
170	15380	124	185
170	15380	124	162
170	15380	124	2412
170	15380	124	133
170	15380	124	3307
170	15380	124	2643
170	15380	124	828
170	15380	124	917
170	15380	124	17
170	15380	124	556
201	15480	224	101
201	15480	224	185
201	15480	224	270
201	15480	224	430
201	15480	224	506
201	15480	224	78
201	15480	224	1567
201	15480	224	650
201	15480	224	170
201	15480	224	77
201	15480	224	1426
201	15480	224	2835
201	15480	224	521
201	15480	224	376
201	15480	224	2085
201	15480	224	83
228	15580	324	441
228	15580	324	588
228	15580	324	1152
228	15580	324	582
228	15580	324	55
228	15580	324	1817
228	15580	324	54
228	15580	324	2033
228	15580	324	331
228	15580	324	1052
228	15580	324	1953
228	15580	324	1056
228	15580	324	8
228	15580	324	1749
228	15580	324	1057
228	15580	324	2999
228	15580	324	1227
228	15580	324	1748
228	15580	324	579
228	15580	324	114
228	15580	324	713
228	15580	324	690
228	15580	324	1822
228	15580	324	889
228	15580	324	3162
228	15580	324	1977
228	15580	324	1868
228	15580	324	203
228	15580	324	1835
228	15580	324	1888
228	15580	324	2864
228	15580	324	1768
228	15580	324	921
228	15580	324	878
228	15580	324	2686
228	15580	324	3103
228	15580	324	2577
228	15580	324	2012
228	15580	324	1065
228	15580	324	1053
228	15580	324	2716
228	15580	324	2982
228	15580	324	1054
228	15580	324	1561
228	15580	324	647
162	15330	74	652
162	15330	74	133
162	15330	74	2693
162	15330	74	536
162	15330	74	162
162	15330	74	1501
162	15330	74	1801
162	15330	74	17
162	15330	74	451
162	15330	74	714
186	15430	174	708
186	15430	174	185
186	15430	174	802
186	15430	174	1737
186	15430	174	162
186	15430	174	650
186	15430	174	615
186	15430	174	1232
186	15430	174	1802
186	15430	174	225
215	15530	274	55
215	15530	274	522
215	15530	274	2743
215	15530	274	2742
215	15530	274	114
215	15530	274	3071
215	15530	274	337
215	15530	274	1483
215	15530	274	2992
215	15530	274	1643
215	15530	274	2998
215	15530	274	8
215	15530	274	885
215	15530	274	170
215	15530	274	1478
215	15530	274	1426
215	15530	274	605
215	15530	274	185
215	15530	274	2936
215	15530	274	997
215	15530	274	1571
215	15530	274	1298
215	15530	274	691
215	15530	274	1128
215	15530	274	651
240	15630	374	668
240	15630	374	1038
240	15630	374	2160
240	15630	374	116
240	15630	374	292
240	15630	374	584
240	15630	374	1656
240	15630	374	818
240	15630	374	3155
240	15630	374	1789
240	15630	374	1036
240	15630	374	3116
240	15630	374	54
240	15630	374	3332
240	15630	374	301
240	15630	374	386
240	15630	374	81
240	15630	374	2159
240	15630	374	1153
240	15630	374	1504
240	15630	374	89
240	15630	374	2142
240	15630	374	3154
240	15630	374	590
240	15630	374	2988
240	15630	374	2883
240	15630	374	3150
240	15630	374	878
240	15630	374	3151
240	15630	374	817
240	15630	374	1033
240	15630	374	1771
240	15630	374	1963
240	15630	374	2154
240	15630	374	2687
240	15630	374	2586
240	15630	374	1780
240	15630	374	2692
240	15630	374	876
240	15630	374	223
240	15630	374	2090
240	15630	374	922
240	15630	374	985
240	15630	374	1580
240	15630	374	1154
240	15630	374	1602
240	15630	374	581
240	15630	374	416
240	15630	374	2164
240	15630	374	377
240	15630	374	48
240	15630	374	1326
240	15630	374	1382
240	15630	374	1837
251	15680	424	89
251	15680	424	503
251	15680	424	817
153	15330	24	133
153	15330	24	161
153	15330	24	652
153	15330	24	451
153	15330	24	1310
153	15330	24	17
153	15330	24	1348
153	15330	24	3010
153	15330	24	714
153	15330	24	1150
153	15330	24	561
153	15330	24	886
153	15330	24	2145
153	15330	24	471
153	15330	24	1127
153	15330	24	2821
178	15380	74	162
178	15380	74	17
178	15380	74	536
178	15380	74	2219
178	15380	74	714
178	15380	74	471
178	15380	74	556
178	15380	74	445
178	15380	74	963
185	15430	124	185
185	15430	124	162
185	15430	124	2539
185	15430	124	917
185	15430	124	17
185	15430	124	615
185	15430	124	556
185	15430	124	225
185	15430	124	180
185	15430	124	2721
185	15430	124	2
185	15430	124	2856
185	15430	124	2306
200	15480	174	650
200	15480	174	185
200	15480	174	1232
200	15480	174	77
200	15480	174	2382
200	15480	174	615
200	15480	174	119
200	15480	174	1802
200	15480	174	2
200	15480	174	641
200	15480	174	225
200	15480	174	162
200	15480	174	27
200	15480	174	548
200	15480	174	833
200	15480	174	1965
200	15480	174	1119
200	15480	174	1270
214	15530	224	1426
214	15530	224	185
214	15530	224	170
214	15530	224	55
214	15530	224	1298
214	15530	224	376
214	15530	224	521
214	15530	224	3309
214	15530	224	2641
214	15530	224	138
214	15530	224	1410
214	15530	224	83
214	15530	224	8
214	15530	224	846
214	15530	224	77
214	15530	224	1739
214	15530	224	868
214	15530	224	1803
214	15530	224	3039
214	15530	224	3080
214	15530	224	1735
214	15530	224	695
214	15530	224	27
214	15530	224	865
214	15530	224	1418
227	15580	274	8
227	15580	274	55
227	15580	274	997
227	15580	274	1672
227	15580	274	669
227	15580	274	601
227	15580	274	1640
227	15580	274	1458
227	15580	274	1128
227	15580	274	2310
227	15580	274	2781
227	15580	274	1054
227	15580	274	2803
227	15580	274	822
227	15580	274	1996
227	15580	274	691
227	15580	274	2868
227	15580	274	651
227	15580	274	171
227	15580	274	1027
227	15580	274	258
227	15580	274	738
227	15580	274	647
227	15580	274	988
227	15580	274	1946
227	15580	274	925
227	15580	274	2264
227	15580	274	1959
227	15580	274	51
239	15630	324	54
239	15630	324	878
239	15630	324	1963
239	15630	324	386
239	15630	324	1751
239	15630	324	315
239	15630	324	203
239	15630	324	985
239	15630	324	8
239	15630	324	2012
239	15630	324	2887
239	15630	324	808
239	15630	324	223
239	15630	324	2716
239	15630	324	512
239	15630	324	3329
239	15630	324	2982
239	15630	324	2468
239	15630	324	1848
239	15630	324	377
239	15630	324	89
239	15630	324	1561
239	15630	324	3111
239	15630	324	2779
239	15630	324	1740
239	15630	324	1382
239	15630	324	1456
239	15630	324	2956
239	15630	324	2443
239	15630	324	687
239	15630	324	1514
239	15630	324	794
239	15630	324	959
239	15630	324	743
239	15630	324	2059
239	15630	324	497
239	15630	324	437
239	15630	324	738
239	15630	324	486
239	15630	324	1470
239	15630	324	2096
239	15630	324	2847
239	15630	324	403
239	15630	324	2952
239	15630	324	1028
239	15630	324	1003
239	15630	324	844
239	15630	324	5
239	15630	324	1853
239	15630	324	2118
239	15630	324	171
239	15630	324	473
239	15630	324	2824
239	15630	324	2598
239	15630	324	1144
250	15680	374	89
250	15680	374	817
250	15680	374	1292
250	15680	374	503
250	15680	374	1154
250	15680	374	820
250	15680	374	1935
250	15680	374	48
250	15680	374	1616
250	15680	374	1574
250	15680	374	1293
250	15680	374	163
250	15680	374	233
250	15680	374	2026
250	15680	374	955
250	15680	374	1837
250	15680	374	1326
250	15680	374	2299
250	15680	374	447
250	15680	374	1549
250	15680	374	1973
250	15680	374	2746
250	15680	374	2017
250	15680	374	660
250	15680	374	763
250	15680	374	452
250	15680	374	2347
250	15680	374	404
250	15680	374	290
250	15680	374	1327
250	15680	374	2252
250	15680	374	1964
250	15680	374	5
250	15680	374	2423
250	15680	374	2481
169	15380	24	714
169	15380	24	17
169	15380	24	561
169	15380	24	471
169	15380	24	161
169	15380	24	762
169	15380	24	886
169	15380	24	969
199	15480	124	162
199	15480	124	225
199	15480	124	180
199	15480	124	2604
199	15480	124	1802
199	15480	124	2
199	15480	124	1505
199	15480	124	2721
199	15480	124	833
199	15480	124	17
199	15480	124	119
199	15480	124	367
199	15480	124	727
199	15480	124	2306
199	15480	124	1700
199	15480	124	1786
199	15480	124	1270
199	15480	124	1648
199	15480	124	1108
226	15580	224	651
226	15580	224	8
226	15580	224	185
226	15580	224	988
226	15580	224	138
226	15580	224	83
226	15580	224	591
226	15580	224	945
226	15580	224	1106
226	15580	224	51
226	15580	224	281
226	15580	224	865
226	15580	224	1578
226	15580	224	1267
226	15580	224	1016
226	15580	224	553
226	15580	224	27
226	15580	224	171
226	15580	224	197
226	15580	224	633
226	15580	224	1418
226	15580	224	1613
226	15580	224	1528
249	15680	324	89
249	15680	324	959
249	15680	324	447
249	15680	324	377
249	15680	324	437
249	15680	324	1973
249	15680	324	5
249	15680	324	845
249	15680	324	3139
249	15680	324	290
249	15680	324	486
249	15680	324	403
249	15680	324	2917
249	15680	324	221
249	15680	324	482
249	15680	324	1028
249	15680	324	1960
249	15680	324	1327
249	15680	324	1455
249	15680	324	1568
249	15680	324	1988
249	15680	324	163
249	15680	324	1317
249	15680	324	220
249	15680	324	809
249	15680	324	473
249	15680	324	2369
249	15680	324	3022
249	15680	324	2598
249	15680	324	2933
249	15680	324	2636
249	15680	324	1638
249	15680	324	2481
249	15680	324	1144
249	15680	324	2984
249	15680	324	2713
249	15680	324	2007
249	15680	324	3227
249	15680	324	624
249	15680	324	859
249	15680	324	419
249	15680	324	2787
249	15680	324	874
249	15680	324	60
249	15680	324	1185
249	15680	324	3104
249	15680	324	934
193	15430	74	556
193	15430	74	17
193	15430	74	445
193	15430	74	2306
193	15430	74	963
193	15430	74	2979
193	15430	74	471
193	15430	74	1190
193	15430	74	576
193	15430	74	1126
213	15530	174	83
213	15530	174	77
213	15530	174	1980
213	15530	174	868
213	15530	174	27
213	15530	174	548
213	15530	174	1119
213	15530	174	138
213	15530	174	2079
213	15530	174	119
213	15530	174	1632
213	15530	174	481
213	15530	174	1305
213	15530	174	1418
213	15530	174	1117
213	15530	174	1270
213	15530	174	3009
213	15530	174	1983
213	15530	174	1097
213	15530	174	683
213	15530	174	2605
213	15530	174	2834
213	15530	174	2301
213	15530	174	1199
238	15630	274	8
238	15630	274	647
238	15630	274	1514
238	15630	274	738
238	15630	274	2328
238	15630	274	54
238	15630	274	1557
238	15630	274	258
238	15630	274	171
238	15630	274	2118
238	15630	274	1942
238	15630	274	473
238	15630	274	2442
238	15630	274	1336
238	15630	274	1144
238	15630	274	905
238	15630	274	2454
238	15630	274	749
238	15630	274	2688
238	15630	274	5
238	15630	274	965
238	15630	274	1268
238	15630	274	60
238	15630	274	3208
238	15630	274	164
238	15630	274	1646
238	15630	274	1220
238	15630	274	198
238	15630	274	1705
238	15630	274	549
259	15730	374	163
259	15730	374	2423
259	15730	374	2481
259	15730	374	2100
259	15730	374	446
207	15480	74	17
207	15480	74	2306
207	15480	74	1126
207	15480	74	1108
207	15480	74	360
207	15480	74	162
207	15480	74	576
207	15480	74	2281
207	15480	74	98
207	15480	74	484
207	15480	74	667
212	15530	124	119
212	15530	124	1270
212	15530	124	548
212	15530	124	2156
212	15530	124	1097
212	15530	124	162
212	15530	124	17
212	15530	124	2301
212	15530	124	466
212	15530	124	2385
212	15530	124	1161
212	15530	124	2811
212	15530	124	312
212	15530	124	1595
212	15530	124	942
225	15580	174	27
225	15580	174	1418
225	15580	174	553
225	15580	174	2081
225	15580	174	2649
225	15580	174	2834
225	15580	174	281
225	15580	174	548
225	15580	174	2605
225	15580	174	171
225	15580	174	848
225	15580	174	899
225	15580	174	1199
225	15580	174	924
225	15580	174	356
225	15580	174	466
225	15580	174	1875
225	15580	174	577
225	15580	174	1312
225	15580	174	2823
225	15580	174	900
225	15580	174	1657
225	15580	174	2438
225	15580	174	160
225	15580	174	3001
225	15580	174	71
237	15630	224	171
237	15630	224	1268
237	15630	224	1220
237	15630	224	281
237	15630	224	198
237	15630	224	1359
237	15630	224	1528
237	15630	224	164
237	15630	224	3138
237	15630	224	300
237	15630	224	294
237	15630	224	709
237	15630	224	577
237	15630	224	2191
237	15630	224	1886
237	15630	224	60
237	15630	224	3291
237	15630	224	2287
248	15680	274	473
248	15680	274	1144
248	15680	274	5
248	15680	274	2984
248	15680	274	60
248	15680	274	1093
248	15680	274	1705
248	15680	274	1603
248	15680	274	2181
248	15680	274	1750
248	15680	274	1004
248	15680	274	2151
248	15680	274	198
248	15680	274	164
248	15680	274	465
248	15680	274	3281
248	15680	274	517
248	15680	274	2748
248	15680	274	3315
248	15680	274	3081
248	15680	274	611
248	15680	274	3189
248	15680	274	2345
248	15680	274	2034
248	15680	274	2166
248	15680	274	814
258	15730	324	163
258	15730	324	2481
258	15730	324	859
258	15730	324	446
258	15730	324	482
258	15730	324	123
258	15730	324	2800
258	15730	324	5
258	15730	324	788
258	15730	324	2816
258	15730	324	60
258	15730	324	191
258	15730	324	779
258	15730	324	1090
258	15730	324	2778
258	15730	324	1745
258	15730	324	1576
258	15730	324	2107
258	15730	324	2444
258	15730	324	2270
258	15730	324	558
258	15730	324	594
258	15730	324	2712
258	15730	324	1866
258	15730	324	274
184	15430	24	471
184	15430	24	17
184	15430	24	576
184	15430	24	161
184	15430	24	969
184	15430	24	3075
184	15430	24	1086
184	15430	24	98
184	15430	24	1356
198	15480	24	17
198	15480	24	576
198	15480	24	98
198	15480	24	2281
198	15480	24	1086
198	15480	24	291
198	15480	24	667
198	15480	24	1356
198	15480	24	3166
224	15580	124	548
224	15580	124	466
224	15580	124	1500
224	15580	124	1499
224	15580	124	967
224	15580	124	312
224	15580	124	160
224	15580	124	656
224	15580	124	17
224	15580	124	171
224	15580	124	2135
224	15580	124	71
224	15580	124	1900
224	15580	124	353
224	15580	124	1600
224	15580	124	686
224	15580	124	2745
247	15680	224	164
247	15680	224	198
247	15680	224	465
247	15680	224	3291
247	15680	224	611
247	15680	224	60
247	15680	224	814
247	15680	224	3211
247	15680	224	454
247	15680	224	2287
247	15680	224	819
247	15680	224	5
247	15680	224	587
247	15680	224	3325
247	15680	224	2392
247	15680	224	881
220	15530	74	162
220	15530	74	17
220	15530	74	1161
220	15530	74	2715
220	15530	74	98
220	15530	74	466
220	15530	74	2246
236	15630	174	171
236	15630	174	577
236	15630	174	294
236	15630	174	924
236	15630	174	300
236	15630	174	900
236	15630	174	60
236	15630	174	1257
236	15630	174	2117
236	15630	174	198
236	15630	174	71
236	15630	174	1089
236	15630	174	334
236	15630	174	2273
236	15630	174	463
257	15730	274	5
257	15730	274	60
257	15730	274	191
257	15730	274	2444
257	15730	274	594
257	15730	274	2345
257	15730	274	779
257	15730	274	1866
257	15730	274	274
257	15730	274	1476
257	15730	274	2138
257	15730	274	1535
257	15730	274	609
257	15730	274	1334
257	15730	274	2617
257	15730	274	1308
266	15780	324	60
266	15780	324	274
266	15780	324	1776
211	15530	24	98
211	15530	24	17
211	15530	24	643
211	15530	24	1990
232	15580	74	17
232	15580	74	466
232	15580	74	353
232	15580	74	3038
232	15580	74	98
232	15580	74	1350
232	15580	74	636
232	15580	74	2545
232	15580	74	1042
232	15580	74	1647
232	15580	74	1668
235	15630	124	171
235	15630	124	71
235	15630	124	686
235	15630	124	334
235	15630	124	353
235	15630	124	2273
235	15630	124	1047
235	15630	124	2091
235	15630	124	463
235	15630	124	498
246	15680	174	198
246	15680	174	60
246	15680	174	1089
246	15680	174	587
246	15680	174	334
246	15680	174	463
246	15680	174	881
246	15680	174	680
246	15680	174	2450
246	15680	174	11
256	15730	224	5
256	15730	224	60
256	15730	224	609
256	15730	224	2541
256	15730	224	872
256	15730	224	274
256	15730	224	1171
256	15730	224	881
256	15730	224	1639
256	15730	224	2930
256	15730	224	3184
256	15730	224	1315
256	15730	224	62
256	15730	224	680
256	15730	224	1968
256	15730	224	474
256	15730	224	782
265	15780	274	274
265	15780	274	1605
265	15780	274	1776
265	15780	274	60
265	15780	274	1308
265	15780	274	754
265	15780	274	1471
265	15780	274	637
265	15780	274	875
265	15780	274	1181
265	15780	274	736
265	15780	274	3177
265	15780	274	2530
265	15780	274	1951
265	15780	274	3205
265	15780	274	2298
265	15780	274	63
265	15780	274	1637
265	15780	274	897
223	15580	24	17
223	15580	24	98
223	15580	24	2595
223	15580	24	1800
245	15680	124	463
245	15680	124	334
245	15680	124	498
245	15680	124	11
245	15680	124	71
245	15680	124	1346
245	15680	124	2628
245	15680	124	2170
245	15680	124	423
245	15680	124	1694
245	15680	124	42
245	15680	124	2629
264	15780	224	274
264	15780	224	60
264	15780	224	754
264	15780	224	474
264	15780	224	2679
264	15780	224	495
264	15780	224	62
264	15780	224	1637
264	15780	224	782
264	15780	224	1831
264	15780	224	1775
264	15780	224	63
264	15780	224	1937
264	15780	224	897
264	15780	224	1491
264	15780	224	1918
264	15780	224	2872
243	15630	74	353
243	15630	74	71
243	15630	74	1042
243	15630	74	1668
243	15630	74	98
243	15630	74	334
243	15630	74	42
243	15630	74	1160
243	15630	74	11
243	15630	74	520
255	15730	174	60
255	15730	174	680
255	15730	174	1124
255	15730	174	334
255	15730	174	2450
255	15730	174	2248
255	15730	174	782
255	15730	174	11
255	15730	174	3256
255	15730	174	505
255	15730	174	2342
255	15730	174	3131
255	15730	174	3333
255	15730	174	2665
255	15730	174	84
272	15830	274	63
272	15830	274	897
272	15830	274	1525
234	15630	24	98
234	15630	24	17
234	15630	24	1800
234	15630	24	520
234	15630	24	11
234	15630	24	1375
234	15630	24	140
252	15680	74	71
252	15680	74	334
252	15680	74	11
252	15680	74	42
252	15680	74	423
252	15680	74	2629
252	15680	74	1345
252	15680	74	3093
252	15680	74	991
252	15680	74	1011
254	15730	124	11
254	15730	124	334
254	15730	124	1346
254	15730	124	346
254	15730	124	2574
254	15730	124	1694
254	15730	124	60
254	15730	124	42
254	15730	124	670
254	15730	124	1787
254	15730	124	84
254	15730	124	2323
254	15730	124	1774
254	15730	124	154
254	15730	124	1155
263	15780	174	782
263	15780	174	60
263	15780	174	474
263	15780	174	63
263	15780	174	3131
263	15780	174	2947
263	15780	174	2665
263	15780	174	84
263	15780	174	1373
263	15780	174	453
263	15780	174	396
263	15780	174	1222
263	15780	174	2078
263	15780	174	793
263	15780	174	915
263	15780	174	2044
263	15780	174	61
271	15830	224	897
271	15830	224	1525
271	15830	224	63
271	15830	224	60
271	15830	224	474
271	15830	224	800
271	15830	224	84
244	15680	24	11
244	15680	24	1345
244	15680	24	520
244	15680	24	98
244	15680	24	991
244	15680	24	17
244	15680	24	2565
244	15680	24	2762
262	15780	124	84
262	15780	124	2078
262	15780	124	11
262	15780	124	154
262	15780	124	1155
262	15780	124	61
262	15780	124	2995
262	15780	124	1225
262	15780	124	719
260	15730	74	11
260	15730	74	2629
260	15730	74	670
260	15730	74	423
260	15730	74	1774
260	15730	74	3091
260	15730	74	1011
260	15730	74	2262
260	15730	74	1997
270	15830	174	63
270	15830	174	1222
270	15830	174	474
270	15830	174	84
270	15830	174	916
270	15830	174	2098
270	15830	174	1059
270	15830	174	707
270	15830	174	800
270	15830	174	11
270	15830	174	1545
270	15830	174	1123
277	15880	224	800
277	15880	224	84
253	15730	24	11
253	15730	24	520
253	15730	24	98
253	15730	24	424
253	15730	24	670
253	15730	24	1920
253	15730	24	746
267	15780	74	11
267	15780	74	154
267	15780	74	670
267	15780	74	719
267	15780	74	1596
267	15780	74	2738
267	15780	74	772
269	15830	124	84
269	15830	124	11
269	15830	124	2417
269	15830	124	719
269	15830	124	154
269	15830	124	1123
269	15830	124	422
269	15830	124	735
269	15830	124	1542
269	15830	124	1741
276	15880	174	84
276	15880	174	800
276	15880	174	1545
276	15880	174	11
276	15880	174	771
276	15880	174	1123
276	15880	174	1208
276	15880	174	2573
261	15780	24	670
261	15780	24	11
261	15780	24	424
261	15780	24	3268
261	15780	24	154
261	15780	24	98
261	15780	24	2993
261	15780	24	619
261	15780	24	3220
275	15880	124	1123
275	15880	124	11
275	15880	124	154
275	15880	124	84
275	15880	124	735
275	15880	124	2409
275	15880	124	1465
275	15880	124	2419
275	15880	124	1741
275	15880	124	2573
275	15880	124	69
275	15880	124	530
275	15880	124	2400
273	15830	74	154
273	15830	74	719
273	15830	74	422
273	15830	74	772
273	15830	74	1542
273	15830	74	11
273	15830	74	518
273	15830	74	1804
273	15830	74	1741
273	15830	74	840
273	15830	74	786
281	15930	174	11
281	15930	174	2573
268	15830	24	154
268	15830	24	11
268	15830	24	619
268	15830	24	3229
268	15830	24	786
268	15830	24	840
268	15830	24	351
268	15830	24	2179
268	15830	24	298
268	15830	24	86
278	15880	74	1741
278	15880	74	154
278	15880	74	773
278	15880	74	11
278	15880	74	2400
278	15880	74	840
278	15880	74	786
278	15880	74	237
278	15880	74	308
280	15930	124	2573
280	15930	124	11
280	15930	124	69
280	15930	124	677
280	15930	124	2535
280	15930	124	154
280	15930	124	306
280	15930	124	1403
280	15930	124	3147
274	15880	24	786
274	15880	24	840
274	15880	24	11
274	15880	24	86
274	15880	24	351
274	15880	24	308
274	15880	24	3145
274	15880	24	387
274	15880	24	761
282	15930	74	2400
282	15930	74	154
282	15930	74	11
282	15930	74	3147
282	15930	74	677
282	15930	74	2171
282	15930	74	306
282	15930	74	387
282	15930	74	308
282	15930	74	439
282	15930	74	3019
282	15930	74	1586
284	15980	124	306
279	15930	24	11
279	15930	24	387
279	15930	24	3145
279	15930	24	840
279	15930	24	86
279	15930	24	3019
279	15930	24	761
279	15930	24	1437
279	15930	24	1586
279	15930	24	1206
279	15930	24	1180
279	15930	24	2216
279	15930	24	96
285	15980	74	306
285	15980	74	387
285	15980	74	96
285	15980	74	11
285	15980	74	1206
285	15980	74	1148
285	15980	74	718
285	15980	74	1437
283	15980	24	387
283	15980	24	1206
283	15980	24	96
283	15980	24	718
283	15980	24	1437
283	15980	24	1416
283	15980	24	1045
283	15980	24	525
287	16030	74	387
287	16030	74	96
287	16030	74	1437
286	16030	24	1437
286	16030	24	387
286	16030	24	718
286	16030	24	96
286	16030	24	525
286	16030	24	345
288	16080	24	1437
