x	y	clickSelects
0.105394932162794	-1.63492173373988	23
-0.00141014652428395	-1.12770493294063	23
0.069712048060258	0.914686535806077	23
-0.090379985225116	-0.244704918023626	23
-0.083799072322992	-1.81479461723478	405
0.021457039257751	-0.632943169328456	851
-0.105430663936348	0.99261057288903	339
0.089976379271218	-0.199622792817179	339
-0.117964635422981	-1.60937822673137	339
-0.012891705448531	-1.3244828037261	339
-0.019048315056311	-2.40444933047596	589
0.048880168546232	-0.566058418770691	589
-0.011043153267657	1.8099634760037	500
0.09898293719128	1.76327385210229	500
0.114833875305714	0.392939826122003	500
0.065678431119327	-2.48176677414943	589
0.00763886873386299	-2.09437806897424	271
0.064413694554974	-1.45244431547035	271
0.119078798761032	0.223553061500615	271
-0.077903831814335	-1.40112942582291	589
0.038510475669115	-1.52364273017615	271
0.018841986300083	-2.46328722195184	1943
-0.079825092472073	-0.172351845124803	1943
-0.00116494449307902	-1.35766367349363	1943
0.011571311268348	-2.3862673808794	76
0.00562636055812704	1.45760314127967	1098
-0.013501225158431	-0.959441368120356	1098
-0.038708777953716	1.54540801880932	1098
0.065360270812421	2.37745369377686	1098
0.050574217540484	-1.6844117001061	227
0.103770769276908	-2.43741996106391	1150
0.037927575149709	-1.14324996374463	1150
0.073342082712931	1.73208636816253	1150
0.036114762024863	-1.15477111482535	1150
0.017929246541584	-1.6955928741458	1127
0.046536526647402	2.38803236332954	886
-0.067814467026641	-1.23327814877628	886
-0.095076688190375	-0.134128675385497	161
-0.042546710494114	-1.53589465524346	969
-0.089664218607413	1.35381205930014	969
-0.0646095214881111	1.58269614491299	969
0.06036058656809	-1.44529117562265	1356
-0.02744760220225	-1.28439047207555	1356
-0.034703778862726	-2.41638535640133	98
-0.072511952548542	0.983106442007555	98
-0.121151513457401	0.903181542153071	98
0.122477692054346	-1.15039752893808	98
0.086045278252377	0.108656916162444	17
0.010648735997064	-1.62526616650844	98
0.107416164800847	-0.979566954745296	520
0.068511405164368	-1.6443517518026	520
0.067377742819452	-1.50951775386694	619
0.032098555112361	-0.663961324048772	298
-0.027731008341299	-0.5987611015348	298
-0.118571741169358	-2.08847857748387	11
0.046769667133263	-2.26876579046155	840
0.080577856975256	-0.368646562773613	387
