x	y
1.43602101245823	0.478148523404795
0.38804888658613	0.304150960997177
0.958878208691779	1.25494716973359
1.01881061691072	0.386619941894425
1.55151471686537	0.771593003677496
0.543322972183958	0.535265423896866
0.879618026814195	0.472288549075475
1.43384708822504	0.888879795548164
1.06968442458836	0.653378018260845
1.26010806773565	0.696373336398546
0.476822692621015	0.299103377807117
1.04296185231684	0.504805958018039
0.379730566210992	0.311357573157176
0.861762919211707	0.989956119656613
0.633251219704196	0.571563269374886
1.04928845669154	0.510185199589409
1.25136235077007	0.689385845375163
0.144030943602207	0.0363402578839825
0.127931809070693	0.0489078759226262
-0.294835836765522	0.189024011753477
1.31176150416243	0.575573951673107
1.21622242715783	1.01759718242973
0.897668925382365	1.11847264496021
0.502951030798621	0.519755926676543
0.80817127064938	0.339970305951627
-1.11894319359682	0.776053104724106
0.767879057700105	0.457485895075987
0.767324663656749	0.456194424229063
0.13187780450232	0.063130295057045
0.288733212371198	0.19746419969988
1.24967893813282	0.688187970617562
-0.0855785303794775	0.0379012028368277
1.59346454680449	1.10741775358453
0.884523445757304	0.475849452123069
0.320503237143382	0.177159524291351
0.587237287844083	0.305450359381767
-0.0408554922763472	0.0273692365703961
0.387657641418144	0.305042173703981
0.806045844413056	0.339866638922853
1.4330298391556	0.890725740117961
0.582765949884679	0.30342180730096
1.43136906888478	0.888924826673553
0.83172410103402	0.608146652231211
0.0569565668438016	0.0366256493484808
0.313385333473509	0.17292157904043
0.527897077366882	0.438697440929103
2.72320518691971	1.67385003611178
1.06097332758384	0.648818621807937
0.342018974499677	0.171272914505782
0.907650004128998	1.0164364160037
0.327411877036882	0.300140793079069
0.772367772064807	0.607601818103205
0.883923287610102	0.474777062859036
1.75146711773533	2.15742792965904
0.556012003666721	0.442331685459375
0.152784749894518	0.0988597448635667
1.7478294181817	1.35844613396543
0.586749516515126	0.304680493847041
0.519684284215875	0.429340856266712
0.932201811394771	0.62781514781761
0.82937322275138	0.753531175075809
0.692820901981993	0.452792749199212
0.424686162586357	0.17084869480222
1.31147797650061	0.575223127248405
-1.24782415775846	0.954343580776751
0.363853857820309	0.307812413904153
0.270328226363082	0.192969497418804
0.775536514830451	0.833693308482859
0.821762401110484	0.74303794655502
1.55456853536803	0.774473279453066
0.371056022348203	0.166697220282981
0.268937126189068	0.217398098556611
0.768564274111814	0.91309469009635
0.31510678854244	0.173743896414847
0.594552443061016	0.449150550573248
2.10139968552045	1.45817528932576
0.138209089805222	0.0466558053907796
1.31641731037294	1.38432345507007
