group	fill	clickSelects
1	#FFFFFF	77
2	#FFFFFF	77
3	#FFFFFF	77
4	#FFFFFF	77
5	#FFFFFF	77
6	#FFFFFF	77
7	#FFFFFF	77
8	#FFFFFF	77
9	#FFFFFF	521
10	#FFFFFF	521
11	#FFFFFF	521
12	#FFFFFF	521
13	#FFFFFF	521
14	#FFFFFF	77
15	#FFFFFF	521
16	#FFFFFF	521
17	#FFFFFF	521
18	#FFFFFF	521
19	#FFFFFF	521
20	#FFFFFF	521
21	#FFFFFF	521
22	#FFFFFF	521
23	#FFFFFF	2835
24	#FFFFFF	2835
25	#FFFFFF	77
26	#FFFFFF	185
27	#FFFFFF	185
28	#FFFFFF	185
29	#FFFFFF	185
30	#FFFFFF	185
31	#FFFFFF	170
32	#FFFFFF	170
33	#FFFFFF	170
34	#FFFFFF	170
35	#FFFFFF	185
36	#FFFFFF	77
37	#FFFFFF	185
38	#FFFFFF	185
39	#FFFFFF	185
40	#FFFFFF	185
41	#FFFFFF	185
42	#FFFFFF	170
43	#FFFFFF	170
44	#FFFFFF	170
45	#FFFFFF	170
46	#FFFFFF	77
47	#FFFFFF	77
48	#FFFFFF	77
49	#FFFFFF	77
50	#FFFFFF	77
51	#FFFFFF	77
52	#FFFFFF	77
53	#FFFFFF	77
54	#FFFFFF	77
55	#FFFFFF	77
56	#FFFFFF	77
57	#FFFFFF	77
58	#FFFFFF	77
59	#FFFFFF	521
60	#FFFFFF	521
61	#FFFFFF	521
62	#FFFFFF	521
63	#FFFFFF	521
64	#FFFFFF	77
65	#FFFFFF	521
66	#FFFFFF	521
67	#FFFFFF	521
68	#FFFFFF	521
69	#FFFFFF	521
70	#FFFFFF	521
71	#FFFFFF	521
72	#FFFFFF	521
73	#FFFFFF	521
74	#FFFFFF	185
75	#FFFFFF	77
76	#FFFFFF	185
77	#FFFFFF	185
78	#FFFFFF	185
79	#FFFFFF	185
80	#FFFFFF	185
81	#FFFFFF	185
82	#FFFFFF	185
83	#FFFFFF	170
84	#FFFFFF	170
85	#FFFFFF	170
86	#FFFFFF	77
87	#FFFFFF	185
88	#FFFFFF	185
89	#FFFFFF	185
90	#FFFFFF	170
91	#FFFFFF	185
92	#FFFFFF	185
93	#FFFFFF	170
94	#FFFFFF	170
95	#FFFFFF	170
96	#FFFFFF	170
97	#FFFFFF	77
98	#FFFFFF	77
99	#FFFFFF	77
100	#FFFFFF	77
101	#FFFFFF	77
102	#FFFFFF	77
103	#FFFFFF	77
104	#FFFFFF	77
105	#FFFFFF	77
106	#FFFFFF	77
107	#FFFFFF	77
108	#FFFFFF	77
109	#FFFFFF	521
110	#FFFFFF	521
111	#FFFFFF	521
112	#FFFFFF	521
113	#FFFFFF	521
114	#FFFFFF	521
115	#FFFFFF	77
116	#FFFFFF	521
117	#FFFFFF	521
118	#FFFFFF	521
119	#FFFFFF	521
120	#FFFFFF	521
121	#FFFFFF	521
122	#FFFFFF	521
123	#FFFFFF	77
124	#FFFFFF	77
125	#FFFFFF	185
126	#FFFFFF	77
127	#FFFFFF	185
128	#FFFFFF	185
129	#FFFFFF	185
130	#FFFFFF	185
131	#FFFFFF	185
132	#FFFFFF	185
133	#FFFFFF	170
134	#FFFFFF	170
135	#FFFFFF	185
136	#FFFFFF	170
137	#FFFFFF	77
138	#FFFFFF	185
139	#FFFFFF	170
140	#FFFFFF	170
141	#FFFFFF	170
142	#FFFFFF	185
143	#FFFFFF	170
144	#FFFFFF	170
145	#FFFFFF	170
146	#FFFFFF	170
147	#FFFFFF	77
148	#FFFFFF	77
149	#FFFFFF	77
150	#FFFFFF	77
151	#FFFFFF	77
152	#FFFFFF	185
153	#FFFFFF	185
154	#FFFFFF	185
155	#FFFFFF	185
156	#FFFFFF	185
157	#FFFFFF	185
158	#FFFFFF	185
159	#FFFFFF	77
160	#FFFFFF	77
161	#FFFFFF	185
162	#FFFFFF	185
163	#FFFFFF	185
164	#FFFFFF	185
165	#FFFFFF	77
166	#FFFFFF	77
167	#FFFFFF	77
168	#FFFFFF	77
169	#FFFFFF	77
170	#FFFFFF	77
171	#FFFFFF	77
172	#FFFFFF	77
173	#FFFFFF	77
174	#FFFFFF	77
175	#FFFFFF	77
176	#FFFFFF	77
177	#FFFFFF	185
178	#FFFFFF	185
179	#FFFFFF	430
180	#FFFFFF	430
181	#FFFFFF	430
182	#FFFFFF	430
183	#FFFFFF	430
184	#FFFFFF	430
185	#FFFFFF	185
186	#FFFFFF	185
187	#FFFFFF	185
188	#FFFFFF	185
189	#FFFFFF	185
190	#FFFFFF	506
191	#FFFFFF	506
192	#FFFFFF	506
193	#FFFFFF	506
194	#FFFFFF	506
195	#FFFFFF	506
196	#FFFFFF	506
197	#FFFFFF	506
198	#FFFFFF	185
199	#FFFFFF	185
200	#FFFFFF	185
201	#FFFFFF	185
202	#FFFFFF	185
203	#FFFFFF	185
204	#FFFFFF	77
205	#FFFFFF	185
206	#FFFFFF	185
207	#FFFFFF	185
208	#FFFFFF	185
209	#FFFFFF	185
210	#FFFFFF	77
211	#FFFFFF	77
212	#FFFFFF	77
213	#FFFFFF	185
214	#FFFFFF	185
216	#FFFFFF	77
217	#FFFFFF	185
218	#FFFFFF	77
219	#FFFFFF	77
220	#FFFFFF	77
221	#FFFFFF	77
222	#FFFFFF	77
223	#FFFFFF	77
224	#FFFFFF	77
225	#FFFFFF	77
226	#FFFFFF	77
227	#FFFFFF	185
228	#FFFFFF	185
229	#FFFFFF	430
230	#FFFFFF	430
231	#FFFFFF	430
232	#FFFFFF	430
233	#FFFFFF	430
234	#FFFFFF	430
235	#FFFFFF	185
236	#FFFFFF	185
237	#FFFFFF	185
238	#FFFFFF	185
239	#FFFFFF	185
240	#FFFFFF	185
241	#FFFFFF	506
242	#FFFFFF	506
243	#FFFFFF	506
244	#FFFFFF	506
245	#FFFFFF	506
246	#FFFFFF	506
247	#FFFFFF	506
248	#FFFFFF	185
249	#FFFFFF	185
250	#FFFFFF	185
251	#FFFFFF	185
252	#FFFFFF	185
253	#FFFFFF	185
254	#FFFFFF	185
255	#FFFFFF	77
256	#FFFFFF	185
257	#FFFFFF	185
258	#FFFFFF	185
259	#FFFFFF	185
260	#FFFFFF	77
261	#FFFFFF	185
262	#FFFFFF	77
263	#FFFFFF	185
264	#FFFFFF	185
265	#FFFFFF	185
266	#FFFFFF	77
267	#FFFFFF	185
268	#FFFFFF	77
269	#FFFFFF	77
270	#FFFFFF	77
271	#FFFFFF	77
272	#FFFFFF	77
273	#FFFFFF	77
274	#FFFFFF	77
275	#FFFFFF	77
276	#FFFFFF	77
277	#FFFFFF	185
278	#FFFFFF	185
279	#FFFFFF	185
281	#FFFFFF	430
282	#FFFFFF	430
283	#FFFFFF	185
284	#FFFFFF	430
285	#FFFFFF	185
286	#FFFFFF	185
287	#FFFFFF	185
288	#FFFFFF	185
289	#FFFFFF	185
290	#FFFFFF	185
291	#FFFFFF	506
292	#FFFFFF	506
293	#FFFFFF	506
294	#FFFFFF	506
295	#FFFFFF	506
296	#FFFFFF	506
297	#FFFFFF	506
298	#FFFFFF	506
299	#FFFFFF	185
300	#FFFFFF	185
301	#FFFFFF	185
302	#FFFFFF	185
303	#FFFFFF	185
304	#FFFFFF	185
305	#FFFFFF	77
306	#FFFFFF	77
307	#FFFFFF	185
308	#FFFFFF	185
309	#FFFFFF	185
310	#FFFFFF	185
311	#FFFFFF	185
312	#FFFFFF	185
313	#FFFFFF	185
314	#FFFFFF	185
315	#FFFFFF	185
316	#FFFFFF	185
317	#FFFFFF	185
318	#FFFFFF	185
319	#FFFFFF	185
320	#FFFFFF	77
321	#FFFFFF	77
322	#FFFFFF	185
323	#FFFFFF	77
324	#FFFFFF	185
325	#FFFFFF	185
326	#FFFFFF	77
327	#FFFFFF	77
328	#FFFFFF	185
329	#FFFFFF	185
330	#FFFFFF	430
331	#FFFFFF	430
332	#FFFFFF	430
333	#FFFFFF	185
334	#FFFFFF	185
335	#FFFFFF	430
336	#FFFFFF	185
337	#FFFFFF	185
338	#FFFFFF	185
339	#FFFFFF	185
340	#FFFFFF	185
341	#FFFFFF	185
342	#FFFFFF	506
343	#FFFFFF	506
344	#FFFFFF	506
345	#FFFFFF	506
346	#FFFFFF	506
347	#FFFFFF	506
348	#FFFFFF	506
349	#FFFFFF	185
350	#FFFFFF	185
351	#FFFFFF	185
352	#FFFFFF	185
353	#FFFFFF	185
354	#FFFFFF	185
355	#FFFFFF	185
356	#FFFFFF	77
357	#FFFFFF	185
358	#FFFFFF	185
359	#FFFFFF	185
360	#FFFFFF	185
361	#FFFFFF	185
362	#FFFFFF	185
363	#FFFFFF	185
364	#FFFFFF	185
365	#FFFFFF	185
366	#FFFFFF	185
367	#FFFFFF	77
368	#FFFFFF	77
369	#FFFFFF	185
370	#FFFFFF	77
371	#FFFFFF	77
372	#FFFFFF	77
373	#FFFFFF	185
374	#FFFFFF	185
375	#FFFFFF	185
376	#FFFFFF	77
377	#FFFFFF	77
378	#FFFFFF	185
379	#FFFFFF	185
380	#FFFFFF	185
381	#FFFFFF	185
382	#FFFFFF	430
383	#FFFFFF	430
384	#FFFFFF	185
385	#FFFFFF	185
387	#FFFFFF	185
388	#FFFFFF	185
389	#FFFFFF	185
390	#FFFFFF	185
391	#FFFFFF	185
392	#FFFFFF	506
393	#FFFFFF	506
394	#FFFFFF	506
395	#FFFFFF	506
396	#FFFFFF	506
397	#FFFFFF	506
398	#FFFFFF	506
399	#FFFFFF	506
400	#FFFFFF	185
401	#FFFFFF	185
402	#FFFFFF	185
403	#FFFFFF	185
404	#FFFFFF	185
405	#FFFFFF	185
406	#FFFFFF	77
407	#FFFFFF	77
408	#FFFFFF	185
409	#FFFFFF	185
410	#FFFFFF	185
411	#FFFFFF	185
412	#FFFFFF	185
413	#FFFFFF	185
414	#FFFFFF	185
415	#FFFFFF	185
416	#FFFFFF	185
417	#FFFFFF	77
418	#FFFFFF	185
419	#FFFFFF	185
420	#FFFFFF	185
421	#FFFFFF	77
422	#FFFFFF	77
423	#FFFFFF	185
424	#FFFFFF	185
425	#FFFFFF	185
426	#FFFFFF	185
427	#FFFFFF	77
428	#FFFFFF	185
429	#FFFFFF	185
430	#FFFFFF	185
431	#FFFFFF	185
432	#FFFFFF	430
433	#FFFFFF	430
434	#FFFFFF	185
435	#FFFFFF	185
436	#FFFFFF	185
437	#FFFFFF	185
438	#FFFFFF	185
439	#FFFFFF	185
440	#FFFFFF	185
441	#FFFFFF	185
442	#FFFFFF	185
443	#FFFFFF	506
444	#FFFFFF	506
445	#FFFFFF	78
446	#FFFFFF	78
447	#FFFFFF	506
448	#FFFFFF	506
449	#FFFFFF	506
450	#FFFFFF	185
451	#FFFFFF	185
452	#FFFFFF	185
453	#FFFFFF	185
454	#FFFFFF	185
455	#FFFFFF	185
456	#FFFFFF	185
457	#FFFFFF	77
458	#FFFFFF	185
459	#FFFFFF	185
460	#FFFFFF	185
461	#FFFFFF	185
462	#FFFFFF	77
463	#FFFFFF	185
464	#FFFFFF	185
465	#FFFFFF	185
466	#FFFFFF	185
467	#FFFFFF	77
468	#FFFFFF	77
469	#FFFFFF	77
470	#FFFFFF	185
472	#FFFFFF	77
473	#FFFFFF	185
474	#FFFFFF	77
475	#FFFFFF	185
476	#FFFFFF	77
477	#FFFFFF	77
478	#FFFFFF	77
479	#FFFFFF	185
480	#FFFFFF	77
481	#FFFFFF	185
482	#FFFFFF	185
483	#FFFFFF	430
484	#FFFFFF	430
485	#FFFFFF	185
486	#FFFFFF	185
487	#FFFFFF	185
488	#FFFFFF	185
489	#FFFFFF	185
490	#FFFFFF	185
491	#FFFFFF	185
492	#FFFFFF	506
493	#FFFFFF	506
494	#FFFFFF	506
495	#FFFFFF	506
496	#FFFFFF	78
497	#FFFFFF	78
498	#FFFFFF	506
499	#FFFFFF	506
500	#FFFFFF	506
501	#FFFFFF	185
502	#FFFFFF	185
503	#FFFFFF	185
504	#FFFFFF	185
505	#FFFFFF	185
506	#FFFFFF	185
507	#FFFFFF	185
508	#FFFFFF	77
509	#FFFFFF	185
510	#FFFFFF	185
511	#FFFFFF	185
512	#FFFFFF	77
513	#FFFFFF	185
514	#FFFFFF	185
515	#FFFFFF	185
516	#FFFFFF	185
517	#FFFFFF	77
518	#FFFFFF	77
519	#FFFFFF	77
520	#FFFFFF	185
521	#FFFFFF	185
522	#FFFFFF	77
523	#FFFFFF	185
524	#FFFFFF	77
525	#FFFFFF	185
526	#FFFFFF	185
527	#FFFFFF	77
528	#FFFFFF	77
529	#FFFFFF	77
530	#FFFFFF	185
531	#FFFFFF	185
532	#FFFFFF	185
533	#FFFFFF	430
534	#FFFFFF	430
535	#FFFFFF	430
536	#FFFFFF	185
537	#FFFFFF	430
538	#FFFFFF	185
539	#FFFFFF	185
540	#FFFFFF	185
541	#FFFFFF	185
542	#FFFFFF	506
543	#FFFFFF	506
544	#FFFFFF	506
545	#FFFFFF	506
546	#FFFFFF	506
547	#FFFFFF	506
548	#FFFFFF	78
549	#FFFFFF	506
550	#FFFFFF	506
551	#FFFFFF	185
552	#FFFFFF	185
553	#FFFFFF	185
554	#FFFFFF	185
555	#FFFFFF	185
556	#FFFFFF	185
557	#FFFFFF	185
558	#FFFFFF	77
559	#FFFFFF	185
560	#FFFFFF	185
561	#FFFFFF	185
562	#FFFFFF	77
563	#FFFFFF	77
564	#FFFFFF	185
565	#FFFFFF	185
566	#FFFFFF	185
567	#FFFFFF	185
568	#FFFFFF	77
569	#FFFFFF	185
570	#FFFFFF	77
571	#FFFFFF	77
572	#FFFFFF	185
573	#FFFFFF	77
574	#FFFFFF	77
575	#FFFFFF	185
576	#FFFFFF	77
577	#FFFFFF	185
578	#FFFFFF	77
579	#FFFFFF	77
580	#FFFFFF	185
581	#FFFFFF	185
582	#FFFFFF	185
583	#FFFFFF	430
584	#FFFFFF	430
585	#FFFFFF	430
586	#FFFFFF	430
587	#FFFFFF	430
588	#FFFFFF	506
589	#FFFFFF	185
590	#FFFFFF	506
591	#FFFFFF	185
592	#FFFFFF	185
593	#FFFFFF	506
594	#FFFFFF	506
595	#FFFFFF	506
596	#FFFFFF	506
597	#FFFFFF	506
598	#FFFFFF	506
599	#FFFFFF	78
600	#FFFFFF	78
601	#FFFFFF	506
602	#FFFFFF	185
603	#FFFFFF	185
604	#FFFFFF	185
605	#FFFFFF	185
606	#FFFFFF	185
607	#FFFFFF	185
608	#FFFFFF	77
609	#FFFFFF	185
610	#FFFFFF	185
611	#FFFFFF	185
612	#FFFFFF	185
613	#FFFFFF	77
614	#FFFFFF	185
615	#FFFFFF	185
616	#FFFFFF	185
617	#FFFFFF	185
618	#FFFFFF	77
619	#FFFFFF	77
620	#FFFFFF	185
621	#FFFFFF	77
622	#FFFFFF	185
624	#FFFFFF	77
625	#FFFFFF	185
626	#FFFFFF	185
627	#FFFFFF	77
628	#FFFFFF	77
629	#FFFFFF	77
630	#FFFFFF	185
631	#FFFFFF	185
632	#FFFFFF	1567
633	#FFFFFF	430
634	#FFFFFF	430
635	#FFFFFF	430
636	#FFFFFF	430
637	#FFFFFF	430
638	#FFFFFF	430
639	#FFFFFF	506
640	#FFFFFF	506
641	#FFFFFF	506
642	#FFFFFF	185
643	#FFFFFF	506
644	#FFFFFF	506
645	#FFFFFF	506
646	#FFFFFF	506
647	#FFFFFF	506
648	#FFFFFF	506
649	#FFFFFF	78
650	#FFFFFF	78
651	#FFFFFF	78
652	#FFFFFF	185
653	#FFFFFF	185
654	#FFFFFF	185
655	#FFFFFF	185
656	#FFFFFF	185
657	#FFFFFF	185
658	#FFFFFF	185
659	#FFFFFF	77
660	#FFFFFF	77
661	#FFFFFF	77
662	#FFFFFF	77
663	#FFFFFF	77
664	#FFFFFF	77
665	#FFFFFF	77
666	#FFFFFF	185
667	#FFFFFF	77
668	#FFFFFF	77
669	#FFFFFF	77
670	#FFFFFF	185
671	#FFFFFF	77
672	#FFFFFF	77
673	#FFFFFF	77
674	#FFFFFF	185
675	#FFFFFF	185
676	#FFFFFF	77
677	#FFFFFF	77
678	#FFFFFF	185
679	#FFFFFF	185
680	#FFFFFF	185
681	#FFFFFF	185
682	#FFFFFF	185
683	#FFFFFF	1567
684	#FFFFFF	1567
685	#FFFFFF	430
686	#FFFFFF	185
687	#FFFFFF	430
688	#FFFFFF	430
689	#FFFFFF	506
690	#FFFFFF	506
691	#FFFFFF	506
692	#FFFFFF	185
693	#FFFFFF	506
694	#FFFFFF	506
695	#FFFFFF	506
696	#FFFFFF	506
697	#FFFFFF	506
698	#FFFFFF	506
699	#FFFFFF	506
700	#FFFFFF	506
701	#FFFFFF	78
702	#FFFFFF	78
703	#FFFFFF	77
704	#FFFFFF	185
705	#FFFFFF	185
706	#FFFFFF	185
707	#FFFFFF	185
708	#FFFFFF	185
709	#FFFFFF	185
710	#FFFFFF	77
711	#FFFFFF	77
712	#FFFFFF	77
713	#FFFFFF	77
714	#FFFFFF	77
715	#FFFFFF	77
716	#FFFFFF	185
717	#FFFFFF	185
718	#FFFFFF	77
719	#FFFFFF	185
720	#FFFFFF	77
721	#FFFFFF	185
722	#FFFFFF	77
723	#FFFFFF	77
724	#FFFFFF	77
725	#FFFFFF	185
726	#FFFFFF	77
727	#FFFFFF	77
728	#FFFFFF	185
729	#FFFFFF	185
730	#FFFFFF	185
731	#FFFFFF	185
732	#FFFFFF	185
733	#FFFFFF	1567
734	#FFFFFF	1567
735	#FFFFFF	430
736	#FFFFFF	430
737	#FFFFFF	185
738	#FFFFFF	185
739	#FFFFFF	430
740	#FFFFFF	430
741	#FFFFFF	506
742	#FFFFFF	506
743	#FFFFFF	77
744	#FFFFFF	506
745	#FFFFFF	506
746	#FFFFFF	506
747	#FFFFFF	506
748	#FFFFFF	506
749	#FFFFFF	506
750	#FFFFFF	506
751	#FFFFFF	78
752	#FFFFFF	506
753	#FFFFFF	77
754	#FFFFFF	185
755	#FFFFFF	185
756	#FFFFFF	185
757	#FFFFFF	77
758	#FFFFFF	185
759	#FFFFFF	185
760	#FFFFFF	77
761	#FFFFFF	185
762	#FFFFFF	77
763	#FFFFFF	77
764	#FFFFFF	77
765	#FFFFFF	77
766	#FFFFFF	77
767	#FFFFFF	77
768	#FFFFFF	185
769	#FFFFFF	185
770	#FFFFFF	185
771	#FFFFFF	185
772	#FFFFFF	77
773	#FFFFFF	77
774	#FFFFFF	77
775	#FFFFFF	77
776	#FFFFFF	77
777	#FFFFFF	77
778	#FFFFFF	77
779	#FFFFFF	185
780	#FFFFFF	185
781	#FFFFFF	185
782	#FFFFFF	185
783	#FFFFFF	1567
784	#FFFFFF	185
785	#FFFFFF	1567
786	#FFFFFF	430
787	#FFFFFF	430
788	#FFFFFF	185
789	#FFFFFF	185
790	#FFFFFF	430
791	#FFFFFF	506
792	#FFFFFF	506
793	#FFFFFF	77
794	#FFFFFF	506
795	#FFFFFF	506
796	#FFFFFF	506
797	#FFFFFF	78
798	#FFFFFF	506
799	#FFFFFF	506
800	#FFFFFF	506
801	#FFFFFF	78
802	#FFFFFF	506
803	#FFFFFF	78
804	#FFFFFF	77
805	#FFFFFF	185
806	#FFFFFF	185
807	#FFFFFF	185
808	#FFFFFF	185
809	#FFFFFF	185
810	#FFFFFF	185
811	#FFFFFF	77
812	#FFFFFF	77
813	#FFFFFF	77
814	#FFFFFF	77
815	#FFFFFF	77
816	#FFFFFF	77
817	#FFFFFF	77
818	#FFFFFF	185
819	#FFFFFF	185
820	#FFFFFF	77
821	#FFFFFF	77
822	#FFFFFF	77
823	#FFFFFF	185
824	#FFFFFF	77
825	#FFFFFF	77
826	#FFFFFF	77
827	#FFFFFF	77
828	#FFFFFF	77
829	#FFFFFF	185
830	#FFFFFF	185
831	#FFFFFF	185
832	#FFFFFF	1567
833	#FFFFFF	185
834	#FFFFFF	185
835	#FFFFFF	185
836	#FFFFFF	430
837	#FFFFFF	430
838	#FFFFFF	185
839	#FFFFFF	185
840	#FFFFFF	430
841	#FFFFFF	430
842	#FFFFFF	506
843	#FFFFFF	506
844	#FFFFFF	77
845	#FFFFFF	506
846	#FFFFFF	78
847	#FFFFFF	78
848	#FFFFFF	506
849	#FFFFFF	506
850	#FFFFFF	506
851	#FFFFFF	506
852	#FFFFFF	506
853	#FFFFFF	506
854	#FFFFFF	77
855	#FFFFFF	77
856	#FFFFFF	185
857	#FFFFFF	185
858	#FFFFFF	185
859	#FFFFFF	185
860	#FFFFFF	185
861	#FFFFFF	77
862	#FFFFFF	185
863	#FFFFFF	77
864	#FFFFFF	77
865	#FFFFFF	77
866	#FFFFFF	77
867	#FFFFFF	77
868	#FFFFFF	77
869	#FFFFFF	185
870	#FFFFFF	185
871	#FFFFFF	77
872	#FFFFFF	77
873	#FFFFFF	185
874	#FFFFFF	185
875	#FFFFFF	77
876	#FFFFFF	77
877	#FFFFFF	77
878	#FFFFFF	77
879	#FFFFFF	77
880	#FFFFFF	185
881	#FFFFFF	1567
882	#FFFFFF	1567
883	#FFFFFF	77
884	#FFFFFF	185
885	#FFFFFF	185
886	#FFFFFF	185
887	#FFFFFF	430
888	#FFFFFF	430
889	#FFFFFF	185
890	#FFFFFF	185
891	#FFFFFF	430
892	#FFFFFF	430
893	#FFFFFF	430
894	#FFFFFF	77
895	#FFFFFF	506
896	#FFFFFF	506
897	#FFFFFF	78
898	#FFFFFF	78
899	#FFFFFF	506
900	#FFFFFF	78
901	#FFFFFF	506
902	#FFFFFF	506
903	#FFFFFF	78
904	#FFFFFF	78
905	#FFFFFF	77
906	#FFFFFF	77
907	#FFFFFF	185
908	#FFFFFF	185
909	#FFFFFF	185
910	#FFFFFF	185
911	#FFFFFF	77
912	#FFFFFF	77
913	#FFFFFF	77
914	#FFFFFF	77
915	#FFFFFF	185
916	#FFFFFF	77
917	#FFFFFF	77
918	#FFFFFF	185
919	#FFFFFF	185
920	#FFFFFF	185
921	#FFFFFF	185
922	#FFFFFF	185
923	#FFFFFF	77
924	#FFFFFF	185
925	#FFFFFF	185
926	#FFFFFF	77
927	#FFFFFF	77
928	#FFFFFF	77
929	#FFFFFF	77
930	#FFFFFF	77
931	#FFFFFF	185
932	#FFFFFF	1567
933	#FFFFFF	1567
934	#FFFFFF	77
935	#FFFFFF	185
936	#FFFFFF	185
937	#FFFFFF	185
938	#FFFFFF	185
939	#FFFFFF	185
940	#FFFFFF	185
941	#FFFFFF	430
942	#FFFFFF	430
943	#FFFFFF	506
945	#FFFFFF	77
946	#FFFFFF	430
947	#FFFFFF	506
948	#FFFFFF	506
949	#FFFFFF	78
950	#FFFFFF	78
951	#FFFFFF	78
952	#FFFFFF	506
953	#FFFFFF	506
954	#FFFFFF	78
955	#FFFFFF	77
956	#FFFFFF	77
957	#FFFFFF	185
958	#FFFFFF	185
959	#FFFFFF	77
960	#FFFFFF	77
961	#FFFFFF	77
962	#FFFFFF	77
963	#FFFFFF	77
964	#FFFFFF	77
965	#FFFFFF	185
966	#FFFFFF	77
967	#FFFFFF	185
968	#FFFFFF	185
969	#FFFFFF	185
970	#FFFFFF	185
971	#FFFFFF	185
972	#FFFFFF	185
973	#FFFFFF	77
974	#FFFFFF	185
975	#FFFFFF	185
976	#FFFFFF	185
977	#FFFFFF	77
978	#FFFFFF	77
979	#FFFFFF	77
980	#FFFFFF	77
981	#FFFFFF	185
982	#FFFFFF	1567
983	#FFFFFF	1567
984	#FFFFFF	77
985	#FFFFFF	185
986	#FFFFFF	185
987	#FFFFFF	185
988	#FFFFFF	185
989	#FFFFFF	185
990	#FFFFFF	185
991	#FFFFFF	430
992	#FFFFFF	430
993	#FFFFFF	506
994	#FFFFFF	506
995	#FFFFFF	77
996	#FFFFFF	430
997	#FFFFFF	506
998	#FFFFFF	506
999	#FFFFFF	506
1000	#FFFFFF	78
1001	#FFFFFF	78
1002	#FFFFFF	78
1003	#FFFFFF	506
1004	#FFFFFF	78
1005	#FFFFFF	78
1006	#FFFFFF	77
1007	#FFFFFF	77
1008	#FFFFFF	185
1009	#FFFFFF	77
1010	#FFFFFF	185
1011	#FFFFFF	77
1012	#FFFFFF	77
1013	#FFFFFF	77
1014	#FFFFFF	77
1015	#FFFFFF	77
1016	#FFFFFF	185
1017	#FFFFFF	185
1018	#FFFFFF	185
1019	#FFFFFF	185
1020	#FFFFFF	185
1021	#FFFFFF	185
1022	#FFFFFF	185
1023	#FFFFFF	185
1024	#FFFFFF	77
1025	#FFFFFF	185
1026	#FFFFFF	77
1027	#FFFFFF	77
1028	#FFFFFF	77
1029	#FFFFFF	77
1030	#FFFFFF	77
1031	#FFFFFF	185
1032	#FFFFFF	185
1033	#FFFFFF	1567
1034	#FFFFFF	1567
1035	#FFFFFF	77
1036	#FFFFFF	1567
1037	#FFFFFF	185
1038	#FFFFFF	185
1039	#FFFFFF	185
1040	#FFFFFF	185
1041	#FFFFFF	430
1042	#FFFFFF	506
1043	#FFFFFF	506
1044	#FFFFFF	506
1045	#FFFFFF	430
1046	#FFFFFF	77
1047	#FFFFFF	430
1048	#FFFFFF	506
1049	#FFFFFF	506
1050	#FFFFFF	78
1051	#FFFFFF	78
1052	#FFFFFF	78
1053	#FFFFFF	78
1054	#FFFFFF	78
1055	#FFFFFF	78
1056	#FFFFFF	77
1057	#FFFFFF	185
1058	#FFFFFF	185
1059	#FFFFFF	77
1060	#FFFFFF	77
1061	#FFFFFF	77
1062	#FFFFFF	77
1063	#FFFFFF	77
1064	#FFFFFF	77
1065	#FFFFFF	77
1066	#FFFFFF	185
1067	#FFFFFF	185
1068	#FFFFFF	185
1069	#FFFFFF	185
1070	#FFFFFF	185
1071	#FFFFFF	185
1072	#FFFFFF	185
1073	#FFFFFF	185
1074	#FFFFFF	77
1075	#FFFFFF	185
1076	#FFFFFF	185
1077	#FFFFFF	77
1078	#FFFFFF	77
1079	#FFFFFF	77
1080	#FFFFFF	77
1081	#FFFFFF	185
1082	#FFFFFF	185
1083	#FFFFFF	185
1084	#FFFFFF	1567
1085	#FFFFFF	77
1086	#FFFFFF	1567
1087	#FFFFFF	185
1088	#FFFFFF	185
1089	#FFFFFF	185
1090	#FFFFFF	185
1091	#FFFFFF	430
1092	#FFFFFF	430
1093	#FFFFFF	506
1094	#FFFFFF	506
1095	#FFFFFF	506
1096	#FFFFFF	77
1097	#FFFFFF	430
1098	#FFFFFF	506
1099	#FFFFFF	506
1100	#FFFFFF	78
1101	#FFFFFF	78
1102	#FFFFFF	78
1103	#FFFFFF	78
1104	#FFFFFF	78
1105	#FFFFFF	78
1106	#FFFFFF	78
1107	#FFFFFF	77
1108	#FFFFFF	77
1109	#FFFFFF	77
1110	#FFFFFF	77
1111	#FFFFFF	77
1112	#FFFFFF	185
1113	#FFFFFF	77
1114	#FFFFFF	77
1115	#FFFFFF	77
1116	#FFFFFF	77
1117	#FFFFFF	185
1118	#FFFFFF	185
1119	#FFFFFF	185
1120	#FFFFFF	185
1121	#FFFFFF	185
1122	#FFFFFF	185
1123	#FFFFFF	185
1124	#FFFFFF	185
1125	#FFFFFF	77
1126	#FFFFFF	185
1127	#FFFFFF	77
1128	#FFFFFF	77
1129	#FFFFFF	77
1130	#FFFFFF	185
1131	#FFFFFF	185
1132	#FFFFFF	1567
1133	#FFFFFF	185
1134	#FFFFFF	1567
1135	#FFFFFF	1567
1136	#FFFFFF	77
1137	#FFFFFF	1567
1138	#FFFFFF	185
1139	#FFFFFF	185
1140	#FFFFFF	185
1141	#FFFFFF	185
1142	#FFFFFF	430
1143	#FFFFFF	430
1144	#FFFFFF	430
1145	#FFFFFF	430
1146	#FFFFFF	430
1147	#FFFFFF	77
1148	#FFFFFF	506
1149	#FFFFFF	506
1150	#FFFFFF	78
1152	#FFFFFF	78
1153	#FFFFFF	506
1154	#FFFFFF	506
1155	#FFFFFF	506
1156	#FFFFFF	78
1157	#FFFFFF	185
1158	#FFFFFF	77
1159	#FFFFFF	77
1160	#FFFFFF	77
1161	#FFFFFF	77
1162	#FFFFFF	77
1163	#FFFFFF	77
1164	#FFFFFF	77
1165	#FFFFFF	77
1166	#FFFFFF	77
1167	#FFFFFF	77
1168	#FFFFFF	77
1169	#FFFFFF	77
1170	#FFFFFF	77
1171	#FFFFFF	77
1172	#FFFFFF	521
1173	#FFFFFF	521
1174	#FFFFFF	521
1175	#FFFFFF	77
1176	#FFFFFF	521
1177	#FFFFFF	521
1178	#FFFFFF	521
1179	#FFFFFF	521
1180	#FFFFFF	521
1181	#FFFFFF	521
1182	#FFFFFF	521
1183	#FFFFFF	521
1184	#FFFFFF	77
1185	#FFFFFF	185
1186	#FFFFFF	77
1187	#FFFFFF	185
1188	#FFFFFF	185
1189	#FFFFFF	185
1190	#FFFFFF	185
1191	#FFFFFF	185
1192	#FFFFFF	185
1193	#FFFFFF	185
1194	#FFFFFF	170
1195	#FFFFFF	185
1196	#FFFFFF	185
1197	#FFFFFF	77
1198	#FFFFFF	170
1199	#FFFFFF	170
1200	#FFFFFF	170
1201	#FFFFFF	185
1202	#FFFFFF	170
1203	#FFFFFF	170
1204	#FFFFFF	170
1205	#FFFFFF	170
1206	#FFFFFF	170
1207	#FFFFFF	170
1208	#FFFFFF	77
1209	#FFFFFF	77
1210	#FFFFFF	77
1211	#FFFFFF	77
1212	#FFFFFF	77
1213	#FFFFFF	77
1214	#FFFFFF	77
1215	#FFFFFF	77
1216	#FFFFFF	77
1217	#FFFFFF	77
1218	#FFFFFF	77
1219	#FFFFFF	77
1220	#FFFFFF	77
1221	#FFFFFF	77
1222	#FFFFFF	77
1223	#FFFFFF	521
1224	#FFFFFF	521
1225	#FFFFFF	521
1226	#FFFFFF	77
1227	#FFFFFF	521
1228	#FFFFFF	521
1229	#FFFFFF	521
1230	#FFFFFF	521
1231	#FFFFFF	521
1232	#FFFFFF	521
1233	#FFFFFF	521
1234	#FFFFFF	77
1235	#FFFFFF	185
1236	#FFFFFF	185
1237	#FFFFFF	77
1238	#FFFFFF	185
1239	#FFFFFF	185
1240	#FFFFFF	185
1241	#FFFFFF	185
1242	#FFFFFF	185
1243	#FFFFFF	185
1244	#FFFFFF	185
1245	#FFFFFF	170
1246	#FFFFFF	185
1247	#FFFFFF	170
1248	#FFFFFF	77
1249	#FFFFFF	170
1250	#FFFFFF	170
1251	#FFFFFF	185
1252	#FFFFFF	170
1253	#FFFFFF	170
1254	#FFFFFF	170
1255	#FFFFFF	170
1256	#FFFFFF	170
1257	#FFFFFF	170
1258	#FFFFFF	77
1259	#FFFFFF	77
1260	#FFFFFF	77
1261	#FFFFFF	77
1262	#FFFFFF	77
1263	#FFFFFF	185
1264	#FFFFFF	77
1265	#FFFFFF	77
1266	#FFFFFF	77
1267	#FFFFFF	77
1268	#FFFFFF	185
1269	#FFFFFF	185
1270	#FFFFFF	185
1271	#FFFFFF	185
1272	#FFFFFF	185
1273	#FFFFFF	185
1274	#FFFFFF	185
1275	#FFFFFF	185
1276	#FFFFFF	77
1277	#FFFFFF	185
1278	#FFFFFF	185
1279	#FFFFFF	185
1280	#FFFFFF	77
1281	#FFFFFF	185
1282	#FFFFFF	185
1283	#FFFFFF	1567
1284	#FFFFFF	1567
1285	#FFFFFF	1567
1286	#FFFFFF	1567
1287	#FFFFFF	77
1288	#FFFFFF	1567
1289	#FFFFFF	1567
1290	#FFFFFF	185
1291	#FFFFFF	185
1292	#FFFFFF	185
1293	#FFFFFF	185
1294	#FFFFFF	430
1295	#FFFFFF	430
1296	#FFFFFF	430
1297	#FFFFFF	430
1298	#FFFFFF	77
1299	#FFFFFF	430
1300	#FFFFFF	506
1301	#FFFFFF	506
1302	#FFFFFF	78
1303	#FFFFFF	78
1304	#FFFFFF	78
1305	#FFFFFF	506
1306	#FFFFFF	506
1307	#FFFFFF	506
1308	#FFFFFF	506
1309	#FFFFFF	77
1310	#FFFFFF	185
1311	#FFFFFF	77
1312	#FFFFFF	77
1313	#FFFFFF	77
1314	#FFFFFF	185
1315	#FFFFFF	77
1316	#FFFFFF	77
1317	#FFFFFF	185
1318	#FFFFFF	185
1319	#FFFFFF	185
1320	#FFFFFF	185
1321	#FFFFFF	185
1322	#FFFFFF	185
1323	#FFFFFF	185
1324	#FFFFFF	185
1325	#FFFFFF	185
1326	#FFFFFF	185
1327	#FFFFFF	185
1328	#FFFFFF	185
1329	#FFFFFF	185
1330	#FFFFFF	185
1331	#FFFFFF	185
1332	#FFFFFF	1567
1333	#FFFFFF	185
1334	#FFFFFF	185
1335	#FFFFFF	1567
1336	#FFFFFF	1567
1337	#FFFFFF	1567
1338	#FFFFFF	185
1339	#FFFFFF	1567
1340	#FFFFFF	1567
1341	#FFFFFF	1567
1342	#FFFFFF	185
1343	#FFFFFF	185
1344	#FFFFFF	185
1345	#FFFFFF	430
1346	#FFFFFF	430
1347	#FFFFFF	430
1348	#FFFFFF	430
1349	#FFFFFF	185
1350	#FFFFFF	430
1351	#FFFFFF	506
1352	#FFFFFF	506
1353	#FFFFFF	78
1354	#FFFFFF	78
1355	#FFFFFF	78
1356	#FFFFFF	506
1357	#FFFFFF	506
1358	#FFFFFF	506
1359	#FFFFFF	77
1360	#FFFFFF	185
1361	#FFFFFF	77
1362	#FFFFFF	77
1363	#FFFFFF	77
1364	#FFFFFF	185
1365	#FFFFFF	185
1366	#FFFFFF	77
1367	#FFFFFF	185
1368	#FFFFFF	185
1369	#FFFFFF	185
1370	#FFFFFF	185
1371	#FFFFFF	185
1372	#FFFFFF	185
1373	#FFFFFF	185
1374	#FFFFFF	185
1375	#FFFFFF	185
1376	#FFFFFF	185
1377	#FFFFFF	77
1378	#FFFFFF	185
1379	#FFFFFF	185
1380	#FFFFFF	185
1381	#FFFFFF	185
1382	#FFFFFF	185
1383	#FFFFFF	1567
1384	#FFFFFF	185
1385	#FFFFFF	1567
1386	#FFFFFF	1567
1387	#FFFFFF	1567
1388	#FFFFFF	185
1389	#FFFFFF	1567
1390	#FFFFFF	1567
1391	#FFFFFF	1567
1392	#FFFFFF	185
1393	#FFFFFF	185
1394	#FFFFFF	185
1395	#FFFFFF	430
1396	#FFFFFF	430
1397	#FFFFFF	430
1398	#FFFFFF	430
1399	#FFFFFF	185
1400	#FFFFFF	430
1401	#FFFFFF	430
1402	#FFFFFF	430
1403	#FFFFFF	506
1404	#FFFFFF	78
1405	#FFFFFF	78
1406	#FFFFFF	506
1407	#FFFFFF	506
1408	#FFFFFF	101
1409	#FFFFFF	101
1410	#FFFFFF	77
1411	#FFFFFF	185
1412	#FFFFFF	185
1413	#FFFFFF	77
1414	#FFFFFF	185
1415	#FFFFFF	185
1416	#FFFFFF	77
1417	#FFFFFF	77
1418	#FFFFFF	185
1419	#FFFFFF	185
1420	#FFFFFF	185
1421	#FFFFFF	185
1422	#FFFFFF	185
1423	#FFFFFF	185
1424	#FFFFFF	185
1425	#FFFFFF	185
1426	#FFFFFF	185
1427	#FFFFFF	185
1428	#FFFFFF	185
1429	#FFFFFF	185
1430	#FFFFFF	185
1431	#FFFFFF	185
1432	#FFFFFF	185
1433	#FFFFFF	1567
1434	#FFFFFF	185
1435	#FFFFFF	185
1436	#FFFFFF	1567
1437	#FFFFFF	1567
1438	#FFFFFF	1567
1439	#FFFFFF	77
1440	#FFFFFF	1567
1441	#FFFFFF	1567
1442	#FFFFFF	1567
1443	#FFFFFF	185
1444	#FFFFFF	185
1445	#FFFFFF	185
1446	#FFFFFF	430
1447	#FFFFFF	430
1448	#FFFFFF	430
1449	#FFFFFF	430
1450	#FFFFFF	185
1451	#FFFFFF	430
1452	#FFFFFF	430
1454	#FFFFFF	506
1455	#FFFFFF	506
1456	#FFFFFF	506
1457	#FFFFFF	506
1458	#FFFFFF	506
1459	#FFFFFF	101
1460	#FFFFFF	185
1461	#FFFFFF	185
1462	#FFFFFF	77
1463	#FFFFFF	77
1464	#FFFFFF	185
1465	#FFFFFF	77
1466	#FFFFFF	185
1467	#FFFFFF	185
1468	#FFFFFF	185
1469	#FFFFFF	185
1470	#FFFFFF	185
1471	#FFFFFF	185
1472	#FFFFFF	185
1473	#FFFFFF	185
1474	#FFFFFF	185
1475	#FFFFFF	185
1476	#FFFFFF	185
1477	#FFFFFF	185
1478	#FFFFFF	77
1479	#FFFFFF	185
1480	#FFFFFF	185
1481	#FFFFFF	185
1482	#FFFFFF	185
1483	#FFFFFF	185
1484	#FFFFFF	1567
1485	#FFFFFF	1567
1486	#FFFFFF	1567
1487	#FFFFFF	1567
1488	#FFFFFF	1567
1489	#FFFFFF	77
1490	#FFFFFF	185
1491	#FFFFFF	1567
1492	#FFFFFF	1567
1493	#FFFFFF	185
1494	#FFFFFF	185
1495	#FFFFFF	430
1496	#FFFFFF	185
1497	#FFFFFF	430
1498	#FFFFFF	430
1499	#FFFFFF	430
1500	#FFFFFF	77
1501	#FFFFFF	430
1502	#FFFFFF	430
1504	#FFFFFF	506
1505	#FFFFFF	506
1506	#FFFFFF	506
1507	#FFFFFF	506
1508	#FFFFFF	506
1509	#FFFFFF	506
1510	#FFFFFF	101
1511	#FFFFFF	185
1512	#FFFFFF	185
1513	#FFFFFF	77
1514	#FFFFFF	77
1515	#FFFFFF	185
1516	#FFFFFF	77
1517	#FFFFFF	185
1518	#FFFFFF	77
1519	#FFFFFF	185
1520	#FFFFFF	185
1521	#FFFFFF	185
1522	#FFFFFF	185
1523	#FFFFFF	185
1524	#FFFFFF	185
1525	#FFFFFF	185
1526	#FFFFFF	185
1527	#FFFFFF	185
1528	#FFFFFF	185
1529	#FFFFFF	77
1530	#FFFFFF	185
1531	#FFFFFF	185
1532	#FFFFFF	185
1533	#FFFFFF	185
1534	#FFFFFF	185
1535	#FFFFFF	1567
1536	#FFFFFF	1567
1537	#FFFFFF	185
1538	#FFFFFF	1567
1539	#FFFFFF	1567
1540	#FFFFFF	185
1541	#FFFFFF	185
1542	#FFFFFF	185
1543	#FFFFFF	185
1544	#FFFFFF	185
1545	#FFFFFF	185
1546	#FFFFFF	430
1547	#FFFFFF	430
1548	#FFFFFF	185
1549	#FFFFFF	430
1550	#FFFFFF	430
1551	#FFFFFF	185
1552	#FFFFFF	430
1553	#FFFFFF	430
1554	#FFFFFF	506
1555	#FFFFFF	506
1556	#FFFFFF	506
1557	#FFFFFF	506
1558	#FFFFFF	506
1559	#FFFFFF	506
1560	#FFFFFF	101
1561	#FFFFFF	185
1562	#FFFFFF	77
1563	#FFFFFF	185
1564	#FFFFFF	185
1565	#FFFFFF	185
1566	#FFFFFF	185
1567	#FFFFFF	77
1568	#FFFFFF	77
1569	#FFFFFF	185
1570	#FFFFFF	185
1571	#FFFFFF	185
1572	#FFFFFF	185
1573	#FFFFFF	185
1574	#FFFFFF	185
1575	#FFFFFF	185
1576	#FFFFFF	185
1577	#FFFFFF	185
1578	#FFFFFF	185
1579	#FFFFFF	77
1580	#FFFFFF	185
1581	#FFFFFF	185
1582	#FFFFFF	185
1583	#FFFFFF	185
1584	#FFFFFF	185
1585	#FFFFFF	185
1586	#FFFFFF	1567
1587	#FFFFFF	185
1588	#FFFFFF	1567
1589	#FFFFFF	1567
1590	#FFFFFF	185
1591	#FFFFFF	1567
1592	#FFFFFF	185
1593	#FFFFFF	185
1594	#FFFFFF	185
1595	#FFFFFF	185
1596	#FFFFFF	430
1597	#FFFFFF	430
1598	#FFFFFF	185
1599	#FFFFFF	185
1600	#FFFFFF	430
1601	#FFFFFF	185
1602	#FFFFFF	185
1603	#FFFFFF	185
1604	#FFFFFF	430
1605	#FFFFFF	430
1606	#FFFFFF	506
1607	#FFFFFF	430
1608	#FFFFFF	506
1609	#FFFFFF	506
1610	#FFFFFF	101
1611	#FFFFFF	101
1612	#FFFFFF	185
1613	#FFFFFF	185
1614	#FFFFFF	185
1615	#FFFFFF	185
1616	#FFFFFF	185
1617	#FFFFFF	77
1618	#FFFFFF	77
1619	#FFFFFF	77
1620	#FFFFFF	185
1621	#FFFFFF	185
1622	#FFFFFF	185
1623	#FFFFFF	185
1624	#FFFFFF	185
1625	#FFFFFF	185
1626	#FFFFFF	185
1627	#FFFFFF	185
1628	#FFFFFF	185
1629	#FFFFFF	185
1630	#FFFFFF	77
1631	#FFFFFF	185
1632	#FFFFFF	185
1633	#FFFFFF	185
1634	#FFFFFF	185
1635	#FFFFFF	185
1636	#FFFFFF	1567
1637	#FFFFFF	185
1638	#FFFFFF	1567
1639	#FFFFFF	1567
1640	#FFFFFF	185
1641	#FFFFFF	185
1642	#FFFFFF	1567
1643	#FFFFFF	185
1644	#FFFFFF	185
1645	#FFFFFF	185
1646	#FFFFFF	430
1647	#FFFFFF	430
1648	#FFFFFF	430
1649	#FFFFFF	185
1650	#FFFFFF	185
1651	#FFFFFF	430
1652	#FFFFFF	185
1653	#FFFFFF	185
1654	#FFFFFF	185
1655	#FFFFFF	430
1656	#FFFFFF	506
1657	#FFFFFF	430
1658	#FFFFFF	430
1659	#FFFFFF	506
1660	#FFFFFF	101
1661	#FFFFFF	101
1662	#FFFFFF	185
1663	#FFFFFF	185
1664	#FFFFFF	185
1665	#FFFFFF	185
1666	#FFFFFF	185
1667	#FFFFFF	185
1668	#FFFFFF	77
1669	#FFFFFF	77
1670	#FFFFFF	185
1671	#FFFFFF	185
1672	#FFFFFF	185
1673	#FFFFFF	185
1674	#FFFFFF	185
1675	#FFFFFF	185
1676	#FFFFFF	185
1677	#FFFFFF	185
1678	#FFFFFF	185
1679	#FFFFFF	185
1680	#FFFFFF	77
1681	#FFFFFF	185
1682	#FFFFFF	185
1683	#FFFFFF	185
1684	#FFFFFF	185
1685	#FFFFFF	185
1686	#FFFFFF	185
1687	#FFFFFF	185
1688	#FFFFFF	185
1689	#FFFFFF	1567
1690	#FFFFFF	1567
1691	#FFFFFF	185
1692	#FFFFFF	185
1693	#FFFFFF	185
1694	#FFFFFF	185
1695	#FFFFFF	185
1696	#FFFFFF	185
1697	#FFFFFF	430
1698	#FFFFFF	430
1699	#FFFFFF	185
1700	#FFFFFF	185
1701	#FFFFFF	185
1702	#FFFFFF	185
1703	#FFFFFF	185
1704	#FFFFFF	430
1705	#FFFFFF	430
1706	#FFFFFF	430
1707	#FFFFFF	430
1708	#FFFFFF	430
1709	#FFFFFF	506
1710	#FFFFFF	101
1711	#FFFFFF	101
1713	#FFFFFF	185
1714	#FFFFFF	185
1715	#FFFFFF	185
1716	#FFFFFF	185
1717	#FFFFFF	185
1718	#FFFFFF	185
1719	#FFFFFF	77
1720	#FFFFFF	77
1721	#FFFFFF	185
1722	#FFFFFF	185
1723	#FFFFFF	185
1724	#FFFFFF	185
1725	#FFFFFF	185
1726	#FFFFFF	185
1727	#FFFFFF	185
1728	#FFFFFF	185
1729	#FFFFFF	185
1730	#FFFFFF	185
1731	#FFFFFF	77
1732	#FFFFFF	185
1733	#FFFFFF	185
1734	#FFFFFF	185
1735	#FFFFFF	185
1736	#FFFFFF	185
1737	#FFFFFF	185
1738	#FFFFFF	185
1739	#FFFFFF	185
1740	#FFFFFF	1567
1741	#FFFFFF	185
1742	#FFFFFF	77
1743	#FFFFFF	185
1744	#FFFFFF	185
1745	#FFFFFF	185
1746	#FFFFFF	185
1747	#FFFFFF	430
1748	#FFFFFF	430
1749	#FFFFFF	430
1750	#FFFFFF	185
1751	#FFFFFF	185
1752	#FFFFFF	185
1753	#FFFFFF	185
1754	#FFFFFF	430
1755	#FFFFFF	430
1756	#FFFFFF	430
1757	#FFFFFF	430
1758	#FFFFFF	430
1759	#FFFFFF	430
1760	#FFFFFF	506
1761	#FFFFFF	101
1762	#FFFFFF	101
1763	#FFFFFF	185
1764	#FFFFFF	185
1765	#FFFFFF	185
1766	#FFFFFF	185
1767	#FFFFFF	185
1768	#FFFFFF	185
1769	#FFFFFF	185
1770	#FFFFFF	77
1771	#FFFFFF	185
1772	#FFFFFF	185
1773	#FFFFFF	185
1774	#FFFFFF	185
1775	#FFFFFF	185
1776	#FFFFFF	185
1777	#FFFFFF	185
1778	#FFFFFF	185
1779	#FFFFFF	185
1780	#FFFFFF	185
1781	#FFFFFF	77
1782	#FFFFFF	185
1783	#FFFFFF	185
1784	#FFFFFF	185
1785	#FFFFFF	185
1786	#FFFFFF	185
1787	#FFFFFF	185
1788	#FFFFFF	185
1789	#FFFFFF	1567
1790	#FFFFFF	1567
1791	#FFFFFF	185
1792	#FFFFFF	77
1793	#FFFFFF	185
1794	#FFFFFF	185
1795	#FFFFFF	185
1796	#FFFFFF	185
1797	#FFFFFF	185
1798	#FFFFFF	185
1799	#FFFFFF	430
1800	#FFFFFF	185
1801	#FFFFFF	185
1802	#FFFFFF	185
1803	#FFFFFF	185
1804	#FFFFFF	185
1805	#FFFFFF	185
1806	#FFFFFF	185
1807	#FFFFFF	101
1808	#FFFFFF	430
1809	#FFFFFF	430
1810	#FFFFFF	430
1811	#FFFFFF	101
1812	#FFFFFF	101
1813	#FFFFFF	101
1814	#FFFFFF	185
1815	#FFFFFF	185
1816	#FFFFFF	185
1817	#FFFFFF	185
1818	#FFFFFF	185
1819	#FFFFFF	185
1820	#FFFFFF	185
1821	#FFFFFF	77
1822	#FFFFFF	650
1823	#FFFFFF	185
1824	#FFFFFF	185
1825	#FFFFFF	185
1826	#FFFFFF	185
1827	#FFFFFF	185
1828	#FFFFFF	185
1829	#FFFFFF	185
1830	#FFFFFF	185
1831	#FFFFFF	185
1832	#FFFFFF	77
1833	#FFFFFF	185
1834	#FFFFFF	185
1835	#FFFFFF	185
1836	#FFFFFF	185
1837	#FFFFFF	185
1838	#FFFFFF	185
1839	#FFFFFF	185
1840	#FFFFFF	1567
1841	#FFFFFF	1567
1842	#FFFFFF	185
1843	#FFFFFF	77
1844	#FFFFFF	185
1845	#FFFFFF	185
1846	#FFFFFF	185
1847	#FFFFFF	185
1848	#FFFFFF	185
1849	#FFFFFF	185
1850	#FFFFFF	185
1851	#FFFFFF	185
1852	#FFFFFF	185
1853	#FFFFFF	185
1854	#FFFFFF	185
1855	#FFFFFF	185
1856	#FFFFFF	185
1857	#FFFFFF	101
1858	#FFFFFF	101
1859	#FFFFFF	430
1860	#FFFFFF	430
1861	#FFFFFF	101
1862	#FFFFFF	101
1863	#FFFFFF	101
1864	#FFFFFF	185
1865	#FFFFFF	185
1866	#FFFFFF	185
1867	#FFFFFF	185
1868	#FFFFFF	185
1869	#FFFFFF	185
1870	#FFFFFF	185
1871	#FFFFFF	77
1872	#FFFFFF	185
1873	#FFFFFF	650
1874	#FFFFFF	185
1875	#FFFFFF	185
1876	#FFFFFF	185
1877	#FFFFFF	185
1878	#FFFFFF	185
1879	#FFFFFF	185
1880	#FFFFFF	185
1881	#FFFFFF	185
1882	#FFFFFF	77
1883	#FFFFFF	185
1884	#FFFFFF	185
1885	#FFFFFF	185
1886	#FFFFFF	185
1887	#FFFFFF	185
1888	#FFFFFF	185
1889	#FFFFFF	185
1890	#FFFFFF	185
1891	#FFFFFF	1567
1892	#FFFFFF	1567
1893	#FFFFFF	185
1894	#FFFFFF	185
1895	#FFFFFF	185
1896	#FFFFFF	185
1897	#FFFFFF	185
1898	#FFFFFF	185
1899	#FFFFFF	185
1900	#FFFFFF	185
1901	#FFFFFF	185
1902	#FFFFFF	185
1903	#FFFFFF	185
1904	#FFFFFF	185
1905	#FFFFFF	185
1906	#FFFFFF	185
1907	#FFFFFF	185
1908	#FFFFFF	101
1909	#FFFFFF	101
1910	#FFFFFF	430
1911	#FFFFFF	430
1912	#FFFFFF	430
1913	#FFFFFF	101
1914	#FFFFFF	101
1915	#FFFFFF	185
1916	#FFFFFF	185
1917	#FFFFFF	185
1918	#FFFFFF	185
1919	#FFFFFF	185
1920	#FFFFFF	185
1921	#FFFFFF	185
1922	#FFFFFF	77
1923	#FFFFFF	185
1924	#FFFFFF	650
1925	#FFFFFF	185
1926	#FFFFFF	185
1927	#FFFFFF	185
1928	#FFFFFF	185
1929	#FFFFFF	185
1930	#FFFFFF	185
1931	#FFFFFF	185
1932	#FFFFFF	185
1933	#FFFFFF	77
1934	#FFFFFF	185
1935	#FFFFFF	185
1936	#FFFFFF	185
1937	#FFFFFF	185
1938	#FFFFFF	185
1939	#FFFFFF	185
1940	#FFFFFF	1567
1941	#FFFFFF	1567
1942	#FFFFFF	1567
1943	#FFFFFF	185
1944	#FFFFFF	185
1945	#FFFFFF	185
1946	#FFFFFF	185
1947	#FFFFFF	185
1948	#FFFFFF	185
1949	#FFFFFF	185
1950	#FFFFFF	185
1951	#FFFFFF	185
1952	#FFFFFF	185
1953	#FFFFFF	185
1954	#FFFFFF	185
1955	#FFFFFF	185
1956	#FFFFFF	185
1957	#FFFFFF	185
1958	#FFFFFF	185
1959	#FFFFFF	185
1960	#FFFFFF	101
1961	#FFFFFF	101
1962	#FFFFFF	430
1963	#FFFFFF	101
1964	#FFFFFF	101
1965	#FFFFFF	185
1966	#FFFFFF	185
1967	#FFFFFF	185
1968	#FFFFFF	185
1969	#FFFFFF	185
1970	#FFFFFF	185
1971	#FFFFFF	185
1972	#FFFFFF	77
1973	#FFFFFF	185
1974	#FFFFFF	650
1975	#FFFFFF	650
1976	#FFFFFF	185
1977	#FFFFFF	185
1978	#FFFFFF	185
1979	#FFFFFF	185
1980	#FFFFFF	185
1981	#FFFFFF	185
1982	#FFFFFF	185
1983	#FFFFFF	77
1984	#FFFFFF	185
1985	#FFFFFF	185
1986	#FFFFFF	185
1987	#FFFFFF	185
1988	#FFFFFF	185
1989	#FFFFFF	185
1990	#FFFFFF	1567
1991	#FFFFFF	1567
1992	#FFFFFF	1567
1993	#FFFFFF	1567
1994	#FFFFFF	77
1995	#FFFFFF	185
1996	#FFFFFF	185
1997	#FFFFFF	185
1998	#FFFFFF	185
1999	#FFFFFF	185
2000	#FFFFFF	185
2001	#FFFFFF	185
2002	#FFFFFF	185
2003	#FFFFFF	185
2004	#FFFFFF	185
2005	#FFFFFF	185
2006	#FFFFFF	185
2007	#FFFFFF	185
2008	#FFFFFF	185
2009	#FFFFFF	185
2010	#FFFFFF	185
2011	#FFFFFF	101
2012	#FFFFFF	101
2013	#FFFFFF	101
2014	#FFFFFF	101
2015	#FFFFFF	101
2016	#FFFFFF	185
2017	#FFFFFF	185
2018	#FFFFFF	185
2019	#FFFFFF	185
2020	#FFFFFF	185
2021	#FFFFFF	185
2022	#FFFFFF	185
2023	#FFFFFF	77
2024	#FFFFFF	185
2025	#FFFFFF	650
2026	#FFFFFF	185
2027	#FFFFFF	185
2028	#FFFFFF	185
2029	#FFFFFF	185
2030	#FFFFFF	185
2031	#FFFFFF	185
2032	#FFFFFF	185
2033	#FFFFFF	185
2034	#FFFFFF	77
2035	#FFFFFF	185
2036	#FFFFFF	185
2037	#FFFFFF	185
2038	#FFFFFF	185
2039	#FFFFFF	185
2040	#FFFFFF	185
2041	#FFFFFF	185
2042	#FFFFFF	1567
2043	#FFFFFF	1567
2044	#FFFFFF	185
2045	#FFFFFF	77
2046	#FFFFFF	185
2047	#FFFFFF	185
2048	#FFFFFF	185
2049	#FFFFFF	185
2050	#FFFFFF	185
2051	#FFFFFF	185
2052	#FFFFFF	185
2053	#FFFFFF	185
2054	#FFFFFF	185
2055	#FFFFFF	185
2056	#FFFFFF	77
2057	#FFFFFF	185
2058	#FFFFFF	185
2059	#FFFFFF	101
2060	#FFFFFF	101
2061	#FFFFFF	101
2062	#FFFFFF	101
2063	#FFFFFF	101
2064	#FFFFFF	101
2065	#FFFFFF	101
2066	#FFFFFF	185
2067	#FFFFFF	185
2068	#FFFFFF	185
2069	#FFFFFF	185
2070	#FFFFFF	185
2071	#FFFFFF	185
2072	#FFFFFF	185
2073	#FFFFFF	185
2074	#FFFFFF	185
2075	#FFFFFF	185
2076	#FFFFFF	650
2077	#FFFFFF	185
2078	#FFFFFF	185
2079	#FFFFFF	185
2080	#FFFFFF	185
2081	#FFFFFF	185
2082	#FFFFFF	185
2083	#FFFFFF	185
2084	#FFFFFF	185
2085	#FFFFFF	185
2086	#FFFFFF	185
2087	#FFFFFF	185
2088	#FFFFFF	185
2089	#FFFFFF	185
2090	#FFFFFF	185
2091	#FFFFFF	185
2092	#FFFFFF	1567
2093	#FFFFFF	1567
2094	#FFFFFF	1567
2095	#FFFFFF	77
2096	#FFFFFF	185
2097	#FFFFFF	185
2098	#FFFFFF	185
2099	#FFFFFF	185
2100	#FFFFFF	185
2101	#FFFFFF	185
2102	#FFFFFF	185
2103	#FFFFFF	185
2104	#FFFFFF	185
2105	#FFFFFF	185
2106	#FFFFFF	77
2107	#FFFFFF	185
2108	#FFFFFF	185
2109	#FFFFFF	185
2110	#FFFFFF	101
2111	#FFFFFF	101
2112	#FFFFFF	101
2113	#FFFFFF	101
2114	#FFFFFF	101
2116	#FFFFFF	101
2117	#FFFFFF	77
2118	#FFFFFF	185
2119	#FFFFFF	185
2120	#FFFFFF	185
2121	#FFFFFF	185
2122	#FFFFFF	185
2123	#FFFFFF	185
2124	#FFFFFF	185
2125	#FFFFFF	185
2126	#FFFFFF	650
2127	#FFFFFF	185
2128	#FFFFFF	185
2129	#FFFFFF	185
2130	#FFFFFF	185
2131	#FFFFFF	185
2132	#FFFFFF	185
2133	#FFFFFF	185
2134	#FFFFFF	185
2135	#FFFFFF	77
2136	#FFFFFF	185
2137	#FFFFFF	185
2138	#FFFFFF	185
2139	#FFFFFF	185
2140	#FFFFFF	185
2141	#FFFFFF	185
2142	#FFFFFF	1567
2143	#FFFFFF	185
2144	#FFFFFF	1567
2145	#FFFFFF	185
2146	#FFFFFF	77
2147	#FFFFFF	185
2148	#FFFFFF	185
2149	#FFFFFF	185
2150	#FFFFFF	185
2151	#FFFFFF	185
2152	#FFFFFF	185
2153	#FFFFFF	185
2154	#FFFFFF	185
2155	#FFFFFF	185
2156	#FFFFFF	185
2157	#FFFFFF	77
2158	#FFFFFF	185
2159	#FFFFFF	185
2160	#FFFFFF	101
2161	#FFFFFF	101
2162	#FFFFFF	101
2163	#FFFFFF	101
2164	#FFFFFF	101
2166	#FFFFFF	101
2167	#FFFFFF	77
2168	#FFFFFF	185
2169	#FFFFFF	650
2170	#FFFFFF	185
2171	#FFFFFF	650
2172	#FFFFFF	185
2173	#FFFFFF	185
2174	#FFFFFF	185
2175	#FFFFFF	650
2176	#FFFFFF	650
2177	#FFFFFF	650
2178	#FFFFFF	185
2179	#FFFFFF	185
2180	#FFFFFF	185
2181	#FFFFFF	185
2182	#FFFFFF	185
2183	#FFFFFF	185
2184	#FFFFFF	185
2185	#FFFFFF	185
2186	#FFFFFF	185
2187	#FFFFFF	185
2188	#FFFFFF	185
2189	#FFFFFF	185
2190	#FFFFFF	185
2191	#FFFFFF	185
2192	#FFFFFF	185
2193	#FFFFFF	185
2194	#FFFFFF	185
2195	#FFFFFF	1567
2196	#FFFFFF	77
2197	#FFFFFF	185
2198	#FFFFFF	185
2199	#FFFFFF	185
2200	#FFFFFF	185
2201	#FFFFFF	185
2202	#FFFFFF	185
2203	#FFFFFF	185
2204	#FFFFFF	185
2205	#FFFFFF	185
2206	#FFFFFF	185
2207	#FFFFFF	77
2208	#FFFFFF	185
2209	#FFFFFF	185
2210	#FFFFFF	185
2211	#FFFFFF	101
2212	#FFFFFF	101
2213	#FFFFFF	101
2214	#FFFFFF	101
2215	#FFFFFF	101
2216	#FFFFFF	101
2217	#FFFFFF	101
2218	#FFFFFF	77
2219	#FFFFFF	185
2220	#FFFFFF	185
2221	#FFFFFF	650
2222	#FFFFFF	185
2223	#FFFFFF	185
2224	#FFFFFF	185
2225	#FFFFFF	185
2226	#FFFFFF	650
2227	#FFFFFF	650
2228	#FFFFFF	650
2229	#FFFFFF	185
2230	#FFFFFF	185
2231	#FFFFFF	185
2232	#FFFFFF	185
2233	#FFFFFF	185
2234	#FFFFFF	185
2235	#FFFFFF	185
2236	#FFFFFF	77
2237	#FFFFFF	185
2238	#FFFFFF	185
2239	#FFFFFF	185
2240	#FFFFFF	185
2241	#FFFFFF	185
2242	#FFFFFF	185
2243	#FFFFFF	185
2244	#FFFFFF	185
2245	#FFFFFF	1567
2246	#FFFFFF	185
2247	#FFFFFF	77
2248	#FFFFFF	185
2249	#FFFFFF	185
2250	#FFFFFF	185
2251	#FFFFFF	185
2252	#FFFFFF	185
2253	#FFFFFF	185
2254	#FFFFFF	185
2255	#FFFFFF	185
2256	#FFFFFF	185
2257	#FFFFFF	185
2258	#FFFFFF	185
2259	#FFFFFF	185
2260	#FFFFFF	185
2261	#FFFFFF	101
2262	#FFFFFF	101
2263	#FFFFFF	101
2264	#FFFFFF	101
2265	#FFFFFF	101
2266	#FFFFFF	101
2267	#FFFFFF	101
2268	#FFFFFF	77
2269	#FFFFFF	185
2270	#FFFFFF	185
2271	#FFFFFF	650
2272	#FFFFFF	650
2273	#FFFFFF	77
2274	#FFFFFF	77
2275	#FFFFFF	77
2276	#FFFFFF	77
2277	#FFFFFF	77
2278	#FFFFFF	77
2279	#FFFFFF	77
2280	#FFFFFF	77
2281	#FFFFFF	77
2282	#FFFFFF	77
2283	#FFFFFF	77
2284	#FFFFFF	521
2285	#FFFFFF	521
2286	#FFFFFF	77
2287	#FFFFFF	521
2288	#FFFFFF	521
2289	#FFFFFF	521
2290	#FFFFFF	521
2291	#FFFFFF	521
2292	#FFFFFF	521
2293	#FFFFFF	521
2294	#FFFFFF	521
2295	#FFFFFF	77
2296	#FFFFFF	185
2297	#FFFFFF	77
2298	#FFFFFF	185
2299	#FFFFFF	185
2300	#FFFFFF	185
2301	#FFFFFF	185
2302	#FFFFFF	185
2303	#FFFFFF	185
2304	#FFFFFF	185
2305	#FFFFFF	185
2306	#FFFFFF	185
2307	#FFFFFF	170
2308	#FFFFFF	77
2309	#FFFFFF	170
2310	#FFFFFF	170
2311	#FFFFFF	185
2312	#FFFFFF	185
2313	#FFFFFF	170
2314	#FFFFFF	170
2315	#FFFFFF	170
2316	#FFFFFF	78
2317	#FFFFFF	78
2318	#FFFFFF	170
2319	#FFFFFF	77
2320	#FFFFFF	77
2321	#FFFFFF	77
2322	#FFFFFF	77
2323	#FFFFFF	77
2324	#FFFFFF	77
2325	#FFFFFF	77
2326	#FFFFFF	77
2327	#FFFFFF	77
2328	#FFFFFF	77
2329	#FFFFFF	77
2330	#FFFFFF	77
2331	#FFFFFF	77
2332	#FFFFFF	77
2333	#FFFFFF	77
2334	#FFFFFF	77
2335	#FFFFFF	521
2336	#FFFFFF	521
2337	#FFFFFF	77
2338	#FFFFFF	521
2340	#FFFFFF	521
2342	#FFFFFF	521
2343	#FFFFFF	521
2344	#FFFFFF	77
2345	#FFFFFF	77
2346	#FFFFFF	185
2347	#FFFFFF	185
2348	#FFFFFF	77
2349	#FFFFFF	185
2350	#FFFFFF	185
2351	#FFFFFF	185
2352	#FFFFFF	185
2353	#FFFFFF	185
2354	#FFFFFF	185
2355	#FFFFFF	185
2356	#FFFFFF	185
2357	#FFFFFF	170
2358	#FFFFFF	170
2359	#FFFFFF	77
2360	#FFFFFF	185
2361	#FFFFFF	185
2362	#FFFFFF	185
2363	#FFFFFF	170
2364	#FFFFFF	170
2365	#FFFFFF	170
2367	#FFFFFF	78
2368	#FFFFFF	78
2369	#FFFFFF	77
2370	#FFFFFF	77
2371	#FFFFFF	77
2372	#FFFFFF	77
2373	#FFFFFF	77
2374	#FFFFFF	185
2375	#FFFFFF	185
2376	#FFFFFF	185
2377	#FFFFFF	650
2378	#FFFFFF	650
2379	#FFFFFF	650
2380	#FFFFFF	650
2381	#FFFFFF	185
2382	#FFFFFF	185
2383	#FFFFFF	185
2384	#FFFFFF	185
2385	#FFFFFF	185
2386	#FFFFFF	185
2387	#FFFFFF	77
2388	#FFFFFF	185
2389	#FFFFFF	185
2390	#FFFFFF	185
2391	#FFFFFF	185
2392	#FFFFFF	185
2393	#FFFFFF	185
2394	#FFFFFF	185
2395	#FFFFFF	185
2396	#FFFFFF	185
2397	#FFFFFF	185
2398	#FFFFFF	185
2399	#FFFFFF	185
2400	#FFFFFF	185
2401	#FFFFFF	185
2402	#FFFFFF	185
2403	#FFFFFF	185
2404	#FFFFFF	185
2405	#FFFFFF	185
2406	#FFFFFF	185
2407	#FFFFFF	185
2408	#FFFFFF	185
2409	#FFFFFF	185
2410	#FFFFFF	185
2411	#FFFFFF	185
2412	#FFFFFF	101
2413	#FFFFFF	101
2414	#FFFFFF	101
2415	#FFFFFF	101
2416	#FFFFFF	101
2417	#FFFFFF	101
2418	#FFFFFF	101
2419	#FFFFFF	101
2420	#FFFFFF	77
2421	#FFFFFF	185
2422	#FFFFFF	185
2423	#FFFFFF	650
2424	#FFFFFF	650
2425	#FFFFFF	185
2426	#FFFFFF	185
2427	#FFFFFF	185
2428	#FFFFFF	650
2429	#FFFFFF	650
2430	#FFFFFF	650
2431	#FFFFFF	185
2432	#FFFFFF	185
2433	#FFFFFF	185
2434	#FFFFFF	185
2435	#FFFFFF	185
2436	#FFFFFF	185
2437	#FFFFFF	185
2438	#FFFFFF	185
2439	#FFFFFF	185
2440	#FFFFFF	185
2441	#FFFFFF	185
2442	#FFFFFF	185
2443	#FFFFFF	185
2444	#FFFFFF	185
2445	#FFFFFF	185
2446	#FFFFFF	185
2447	#FFFFFF	185
2448	#FFFFFF	185
2449	#FFFFFF	185
2450	#FFFFFF	185
2451	#FFFFFF	185
2452	#FFFFFF	185
2453	#FFFFFF	185
2454	#FFFFFF	185
2455	#FFFFFF	185
2456	#FFFFFF	185
2457	#FFFFFF	185
2458	#FFFFFF	185
2459	#FFFFFF	185
2460	#FFFFFF	185
2461	#FFFFFF	185
2462	#FFFFFF	101
2463	#FFFFFF	101
2464	#FFFFFF	101
2465	#FFFFFF	101
2466	#FFFFFF	101
2467	#FFFFFF	101
2468	#FFFFFF	101
2469	#FFFFFF	101
2470	#FFFFFF	77
2471	#FFFFFF	185
2472	#FFFFFF	185
2473	#FFFFFF	650
2474	#FFFFFF	650
2475	#FFFFFF	185
2476	#FFFFFF	185
2477	#FFFFFF	185
2478	#FFFFFF	650
2479	#FFFFFF	650
2480	#FFFFFF	185
2481	#FFFFFF	185
2482	#FFFFFF	185
2483	#FFFFFF	185
2484	#FFFFFF	185
2485	#FFFFFF	185
2486	#FFFFFF	185
2487	#FFFFFF	185
2488	#FFFFFF	185
2489	#FFFFFF	185
2490	#FFFFFF	185
2491	#FFFFFF	185
2492	#FFFFFF	185
2493	#FFFFFF	185
2494	#FFFFFF	185
2495	#FFFFFF	185
2496	#FFFFFF	185
2497	#FFFFFF	185
2498	#FFFFFF	185
2499	#FFFFFF	185
2500	#FFFFFF	185
2501	#FFFFFF	185
2502	#FFFFFF	185
2503	#FFFFFF	185
2504	#FFFFFF	185
2505	#FFFFFF	185
2506	#FFFFFF	185
2507	#FFFFFF	185
2508	#FFFFFF	185
2509	#FFFFFF	185
2510	#FFFFFF	185
2511	#FFFFFF	185
2512	#FFFFFF	101
2513	#FFFFFF	101
2514	#FFFFFF	101
2515	#FFFFFF	101
2516	#FFFFFF	101
2517	#FFFFFF	101
2518	#FFFFFF	101
2519	#FFFFFF	101
2520	#FFFFFF	270
2521	#FFFFFF	185
2522	#FFFFFF	185
2523	#FFFFFF	185
2524	#FFFFFF	650
2525	#FFFFFF	650
2526	#FFFFFF	185
2527	#FFFFFF	185
2528	#FFFFFF	185
2529	#FFFFFF	650
2530	#FFFFFF	650
2531	#FFFFFF	185
2532	#FFFFFF	185
2533	#FFFFFF	185
2534	#FFFFFF	185
2535	#FFFFFF	185
2536	#FFFFFF	185
2537	#FFFFFF	185
2538	#FFFFFF	185
2539	#FFFFFF	185
2540	#FFFFFF	185
2541	#FFFFFF	185
2542	#FFFFFF	185
2543	#FFFFFF	185
2544	#FFFFFF	185
2545	#FFFFFF	185
2546	#FFFFFF	185
2547	#FFFFFF	185
2548	#FFFFFF	185
2549	#FFFFFF	185
2550	#FFFFFF	185
2551	#FFFFFF	185
2552	#FFFFFF	185
2553	#FFFFFF	185
2554	#FFFFFF	185
2555	#FFFFFF	185
2556	#FFFFFF	185
2557	#FFFFFF	185
2558	#FFFFFF	185
2559	#FFFFFF	185
2560	#FFFFFF	185
2561	#FFFFFF	185
2562	#FFFFFF	101
2563	#FFFFFF	101
2564	#FFFFFF	101
2565	#FFFFFF	101
2566	#FFFFFF	101
2567	#FFFFFF	101
2568	#FFFFFF	101
2569	#FFFFFF	101
2570	#FFFFFF	101
2571	#FFFFFF	185
2572	#FFFFFF	185
2573	#FFFFFF	650
2574	#FFFFFF	650
2575	#FFFFFF	650
2577	#FFFFFF	185
2578	#FFFFFF	185
2579	#FFFFFF	650
2580	#FFFFFF	650
2581	#FFFFFF	650
2582	#FFFFFF	650
2583	#FFFFFF	650
2584	#FFFFFF	185
2585	#FFFFFF	185
2586	#FFFFFF	185
2587	#FFFFFF	185
2588	#FFFFFF	185
2589	#FFFFFF	185
2590	#FFFFFF	185
2591	#FFFFFF	185
2592	#FFFFFF	185
2593	#FFFFFF	185
2594	#FFFFFF	185
2595	#FFFFFF	185
2596	#FFFFFF	185
2597	#FFFFFF	185
2598	#FFFFFF	185
2599	#FFFFFF	185
2600	#FFFFFF	185
2601	#FFFFFF	185
2602	#FFFFFF	185
2603	#FFFFFF	185
2604	#FFFFFF	185
2605	#FFFFFF	185
2606	#FFFFFF	185
2607	#FFFFFF	185
2608	#FFFFFF	185
2609	#FFFFFF	185
2610	#FFFFFF	185
2611	#FFFFFF	185
2612	#FFFFFF	185
2613	#FFFFFF	101
2614	#FFFFFF	101
2615	#FFFFFF	101
2616	#FFFFFF	101
2617	#FFFFFF	101
2618	#FFFFFF	101
2619	#FFFFFF	101
2620	#FFFFFF	101
2621	#FFFFFF	270
2622	#FFFFFF	185
2623	#FFFFFF	185
2624	#FFFFFF	185
2625	#FFFFFF	650
2626	#FFFFFF	650
2627	#FFFFFF	185
2628	#FFFFFF	185
2629	#FFFFFF	185
2630	#FFFFFF	650
2631	#FFFFFF	650
2632	#FFFFFF	650
2633	#FFFFFF	650
2634	#FFFFFF	185
2635	#FFFFFF	185
2636	#FFFFFF	185
2637	#FFFFFF	185
2638	#FFFFFF	185
2639	#FFFFFF	185
2640	#FFFFFF	185
2641	#FFFFFF	185
2642	#FFFFFF	185
2643	#FFFFFF	185
2644	#FFFFFF	185
2645	#FFFFFF	185
2646	#FFFFFF	185
2647	#FFFFFF	185
2648	#FFFFFF	185
2649	#FFFFFF	185
2650	#FFFFFF	185
2651	#FFFFFF	185
2652	#FFFFFF	185
2653	#FFFFFF	185
2654	#FFFFFF	185
2655	#FFFFFF	185
2656	#FFFFFF	185
2657	#FFFFFF	185
2658	#FFFFFF	185
2659	#FFFFFF	185
2660	#FFFFFF	185
2661	#FFFFFF	185
2662	#FFFFFF	185
2663	#FFFFFF	101
2664	#FFFFFF	101
2665	#FFFFFF	101
2666	#FFFFFF	101
2667	#FFFFFF	101
2668	#FFFFFF	101
2669	#FFFFFF	101
2670	#FFFFFF	101
2671	#FFFFFF	270
2672	#FFFFFF	185
2673	#FFFFFF	185
2674	#FFFFFF	650
2675	#FFFFFF	650
2676	#FFFFFF	650
2677	#FFFFFF	185
2678	#FFFFFF	185
2679	#FFFFFF	185
2680	#FFFFFF	650
2681	#FFFFFF	650
2682	#FFFFFF	650
2683	#FFFFFF	185
2684	#FFFFFF	185
2685	#FFFFFF	185
2686	#FFFFFF	185
2687	#FFFFFF	185
2688	#FFFFFF	185
2689	#FFFFFF	185
2690	#FFFFFF	185
2691	#FFFFFF	185
2692	#FFFFFF	185
2693	#FFFFFF	185
2694	#FFFFFF	185
2695	#FFFFFF	185
2696	#FFFFFF	185
2697	#FFFFFF	185
2698	#FFFFFF	185
2699	#FFFFFF	185
2700	#FFFFFF	185
2701	#FFFFFF	185
2702	#FFFFFF	185
2703	#FFFFFF	185
2704	#FFFFFF	185
2705	#FFFFFF	185
2706	#FFFFFF	185
2707	#FFFFFF	185
2708	#FFFFFF	185
2709	#FFFFFF	185
2710	#FFFFFF	185
2711	#FFFFFF	185
2712	#FFFFFF	185
2713	#FFFFFF	101
2714	#FFFFFF	185
2715	#FFFFFF	185
2716	#FFFFFF	185
2717	#FFFFFF	101
2718	#FFFFFF	101
2719	#FFFFFF	101
2720	#FFFFFF	101
2721	#FFFFFF	101
2722	#FFFFFF	270
2723	#FFFFFF	185
2724	#FFFFFF	185
2725	#FFFFFF	185
2726	#FFFFFF	650
2727	#FFFFFF	650
2728	#FFFFFF	185
2729	#FFFFFF	185
2730	#FFFFFF	185
2731	#FFFFFF	650
2732	#FFFFFF	650
2733	#FFFFFF	650
2734	#FFFFFF	185
2735	#FFFFFF	185
2736	#FFFFFF	185
2737	#FFFFFF	185
2738	#FFFFFF	185
2739	#FFFFFF	185
2740	#FFFFFF	185
2741	#FFFFFF	185
2742	#FFFFFF	185
2743	#FFFFFF	185
2744	#FFFFFF	185
2745	#FFFFFF	185
2746	#FFFFFF	185
2747	#FFFFFF	185
2748	#FFFFFF	185
2749	#FFFFFF	185
2750	#FFFFFF	185
2751	#FFFFFF	185
2752	#FFFFFF	185
2753	#FFFFFF	185
2754	#FFFFFF	185
2755	#FFFFFF	185
2756	#FFFFFF	185
2757	#FFFFFF	185
2758	#FFFFFF	185
2759	#FFFFFF	185
2760	#FFFFFF	185
2761	#FFFFFF	185
2762	#FFFFFF	185
2763	#FFFFFF	185
2764	#FFFFFF	185
2765	#FFFFFF	185
2766	#FFFFFF	185
2767	#FFFFFF	185
2768	#FFFFFF	101
2769	#FFFFFF	101
2770	#FFFFFF	101
2771	#FFFFFF	101
2772	#FFFFFF	101
2773	#FFFFFF	185
2774	#FFFFFF	185
2775	#FFFFFF	650
2776	#FFFFFF	650
2777	#FFFFFF	650
2778	#FFFFFF	185
2779	#FFFFFF	185
2780	#FFFFFF	185
2781	#FFFFFF	650
2782	#FFFFFF	650
2783	#FFFFFF	650
2784	#FFFFFF	650
2785	#FFFFFF	650
2786	#FFFFFF	185
2787	#FFFFFF	650
2788	#FFFFFF	185
2789	#FFFFFF	185
2790	#FFFFFF	185
2791	#FFFFFF	185
2792	#FFFFFF	185
2793	#FFFFFF	185
2794	#FFFFFF	185
2795	#FFFFFF	185
2796	#FFFFFF	185
2797	#FFFFFF	185
2798	#FFFFFF	185
2799	#FFFFFF	185
2800	#FFFFFF	185
2801	#FFFFFF	185
2802	#FFFFFF	185
2803	#FFFFFF	185
2804	#FFFFFF	185
2805	#FFFFFF	185
2806	#FFFFFF	185
2807	#FFFFFF	185
2808	#FFFFFF	185
2809	#FFFFFF	185
2810	#FFFFFF	185
2811	#FFFFFF	185
2812	#FFFFFF	185
2813	#FFFFFF	185
2814	#FFFFFF	185
2815	#FFFFFF	185
2816	#FFFFFF	185
2817	#FFFFFF	185
2818	#FFFFFF	101
2819	#FFFFFF	101
2820	#FFFFFF	101
2821	#FFFFFF	101
2822	#FFFFFF	101
2823	#FFFFFF	270
2824	#FFFFFF	185
2825	#FFFFFF	185
2826	#FFFFFF	185
2827	#FFFFFF	650
2828	#FFFFFF	650
2829	#FFFFFF	185
2830	#FFFFFF	185
2831	#FFFFFF	185
2832	#FFFFFF	650
2833	#FFFFFF	650
2834	#FFFFFF	185
2835	#FFFFFF	650
2836	#FFFFFF	185
2837	#FFFFFF	650
2838	#FFFFFF	185
2839	#FFFFFF	185
2840	#FFFFFF	185
2841	#FFFFFF	185
2842	#FFFFFF	185
2843	#FFFFFF	185
2844	#FFFFFF	185
2845	#FFFFFF	185
2846	#FFFFFF	185
2847	#FFFFFF	185
2848	#FFFFFF	185
2849	#FFFFFF	185
2850	#FFFFFF	185
2851	#FFFFFF	185
2852	#FFFFFF	185
2853	#FFFFFF	185
2854	#FFFFFF	185
2855	#FFFFFF	185
2856	#FFFFFF	185
2857	#FFFFFF	185
2858	#FFFFFF	185
2859	#FFFFFF	185
2860	#FFFFFF	185
2861	#FFFFFF	185
2862	#FFFFFF	185
2863	#FFFFFF	185
2864	#FFFFFF	185
2865	#FFFFFF	185
2866	#FFFFFF	185
2867	#FFFFFF	185
2868	#FFFFFF	101
2869	#FFFFFF	101
2870	#FFFFFF	101
2871	#FFFFFF	101
2872	#FFFFFF	101
2873	#FFFFFF	270
2874	#FFFFFF	185
2875	#FFFFFF	185
2876	#FFFFFF	650
2877	#FFFFFF	650
2878	#FFFFFF	650
2879	#FFFFFF	185
2880	#FFFFFF	185
2881	#FFFFFF	185
2882	#FFFFFF	650
2883	#FFFFFF	650
2884	#FFFFFF	650
2885	#FFFFFF	185
2886	#FFFFFF	650
2887	#FFFFFF	650
2888	#FFFFFF	650
2889	#FFFFFF	185
2890	#FFFFFF	185
2891	#FFFFFF	185
2892	#FFFFFF	185
2893	#FFFFFF	185
2894	#FFFFFF	185
2895	#FFFFFF	185
2896	#FFFFFF	185
2897	#FFFFFF	185
2898	#FFFFFF	185
2899	#FFFFFF	185
2900	#FFFFFF	185
2901	#FFFFFF	185
2902	#FFFFFF	185
2903	#FFFFFF	185
2904	#FFFFFF	185
2905	#FFFFFF	185
2906	#FFFFFF	185
2907	#FFFFFF	185
2908	#FFFFFF	185
2909	#FFFFFF	185
2910	#FFFFFF	185
2911	#FFFFFF	185
2912	#FFFFFF	185
2913	#FFFFFF	185
2914	#FFFFFF	185
2915	#FFFFFF	185
2916	#FFFFFF	185
2917	#FFFFFF	185
2918	#FFFFFF	185
2919	#FFFFFF	101
2920	#FFFFFF	101
2921	#FFFFFF	101
2922	#FFFFFF	101
2923	#FFFFFF	270
2924	#FFFFFF	270
2925	#FFFFFF	185
2926	#FFFFFF	185
2927	#FFFFFF	185
2928	#FFFFFF	650
2929	#FFFFFF	650
2930	#FFFFFF	185
2931	#FFFFFF	185
2932	#FFFFFF	185
2933	#FFFFFF	650
2934	#FFFFFF	185
2935	#FFFFFF	185
2936	#FFFFFF	650
2937	#FFFFFF	650
2938	#FFFFFF	650
2939	#FFFFFF	185
2940	#FFFFFF	185
2941	#FFFFFF	185
2942	#FFFFFF	185
2943	#FFFFFF	185
2944	#FFFFFF	185
2945	#FFFFFF	185
2946	#FFFFFF	185
2947	#FFFFFF	185
2948	#FFFFFF	185
2949	#FFFFFF	185
2950	#FFFFFF	185
2951	#FFFFFF	185
2952	#FFFFFF	185
2953	#FFFFFF	185
2954	#FFFFFF	185
2955	#FFFFFF	185
2956	#FFFFFF	185
2957	#FFFFFF	185
2958	#FFFFFF	185
2959	#FFFFFF	185
2960	#FFFFFF	185
2961	#FFFFFF	185
2962	#FFFFFF	185
2963	#FFFFFF	185
2964	#FFFFFF	185
2965	#FFFFFF	185
2966	#FFFFFF	185
2967	#FFFFFF	185
2968	#FFFFFF	185
2969	#FFFFFF	101
2970	#FFFFFF	101
2971	#FFFFFF	101
2972	#FFFFFF	101
2973	#FFFFFF	270
2974	#FFFFFF	270
2975	#FFFFFF	185
2976	#FFFFFF	185
2977	#FFFFFF	185
2978	#FFFFFF	650
2979	#FFFFFF	650
2980	#FFFFFF	185
2981	#FFFFFF	185
2982	#FFFFFF	185
2983	#FFFFFF	650
2984	#FFFFFF	650
2985	#FFFFFF	185
2986	#FFFFFF	185
2987	#FFFFFF	185
2988	#FFFFFF	185
2989	#FFFFFF	650
2990	#FFFFFF	185
2991	#FFFFFF	185
2992	#FFFFFF	185
2993	#FFFFFF	185
2994	#FFFFFF	185
2995	#FFFFFF	185
2996	#FFFFFF	185
2997	#FFFFFF	185
2998	#FFFFFF	185
2999	#FFFFFF	185
3000	#FFFFFF	185
3001	#FFFFFF	185
3002	#FFFFFF	185
3003	#FFFFFF	185
3004	#FFFFFF	185
3005	#FFFFFF	185
3006	#FFFFFF	185
3007	#FFFFFF	185
3008	#FFFFFF	185
3009	#FFFFFF	185
3010	#FFFFFF	185
3011	#FFFFFF	185
3012	#FFFFFF	185
3013	#FFFFFF	185
3014	#FFFFFF	185
3015	#FFFFFF	650
3016	#FFFFFF	185
3017	#FFFFFF	185
3018	#FFFFFF	185
3019	#FFFFFF	101
3020	#FFFFFF	101
3021	#FFFFFF	101
3022	#FFFFFF	101
3023	#FFFFFF	101
3024	#FFFFFF	101
3025	#FFFFFF	101
3026	#FFFFFF	185
3027	#FFFFFF	185
3028	#FFFFFF	185
3029	#FFFFFF	185
3030	#FFFFFF	650
3031	#FFFFFF	185
3032	#FFFFFF	185
3033	#FFFFFF	185
3034	#FFFFFF	650
3035	#FFFFFF	185
3036	#FFFFFF	185
3037	#FFFFFF	185
3038	#FFFFFF	185
3039	#FFFFFF	185
3040	#FFFFFF	185
3041	#FFFFFF	185
3042	#FFFFFF	185
3043	#FFFFFF	185
3044	#FFFFFF	185
3045	#FFFFFF	185
3046	#FFFFFF	185
3047	#FFFFFF	185
3048	#FFFFFF	185
3049	#FFFFFF	185
3050	#FFFFFF	185
3051	#FFFFFF	185
3052	#FFFFFF	185
3053	#FFFFFF	185
3054	#FFFFFF	185
3055	#FFFFFF	185
3056	#FFFFFF	185
3057	#FFFFFF	185
3058	#FFFFFF	185
3059	#FFFFFF	185
3060	#FFFFFF	185
3061	#FFFFFF	185
3062	#FFFFFF	185
3063	#FFFFFF	185
3064	#FFFFFF	185
3065	#FFFFFF	185
3066	#FFFFFF	650
3067	#FFFFFF	185
3068	#FFFFFF	185
3069	#FFFFFF	185
3070	#FFFFFF	101
3071	#FFFFFF	101
3072	#FFFFFF	101
3073	#FFFFFF	101
3074	#FFFFFF	101
3075	#FFFFFF	101
3076	#FFFFFF	650
3077	#FFFFFF	185
3078	#FFFFFF	185
3079	#FFFFFF	650
3080	#FFFFFF	650
3081	#FFFFFF	185
3082	#FFFFFF	185
3083	#FFFFFF	185
3084	#FFFFFF	650
3085	#FFFFFF	185
3086	#FFFFFF	185
3087	#FFFFFF	185
3088	#FFFFFF	185
3089	#FFFFFF	185
3090	#FFFFFF	185
3091	#FFFFFF	185
3092	#FFFFFF	185
3093	#FFFFFF	185
3094	#FFFFFF	185
3095	#FFFFFF	185
3096	#FFFFFF	185
3097	#FFFFFF	185
3098	#FFFFFF	185
3099	#FFFFFF	185
3100	#FFFFFF	185
3101	#FFFFFF	185
3102	#FFFFFF	185
3103	#FFFFFF	185
3104	#FFFFFF	185
3105	#FFFFFF	185
3106	#FFFFFF	185
3107	#FFFFFF	185
3108	#FFFFFF	185
3109	#FFFFFF	185
3110	#FFFFFF	185
3111	#FFFFFF	185
3112	#FFFFFF	185
3113	#FFFFFF	185
3114	#FFFFFF	185
3115	#FFFFFF	185
3116	#FFFFFF	185
3117	#FFFFFF	185
3118	#FFFFFF	185
3119	#FFFFFF	185
3120	#FFFFFF	185
3121	#FFFFFF	101
3122	#FFFFFF	101
3123	#FFFFFF	101
3124	#FFFFFF	101
3125	#FFFFFF	101
3126	#FFFFFF	101
3127	#FFFFFF	650
3128	#FFFFFF	185
3129	#FFFFFF	185
3130	#FFFFFF	185
3131	#FFFFFF	650
3132	#FFFFFF	185
3133	#FFFFFF	185
3134	#FFFFFF	185
3135	#FFFFFF	185
3136	#FFFFFF	185
3137	#FFFFFF	185
3138	#FFFFFF	185
3139	#FFFFFF	185
3140	#FFFFFF	185
3141	#FFFFFF	185
3142	#FFFFFF	185
3143	#FFFFFF	185
3144	#FFFFFF	185
3145	#FFFFFF	185
3146	#FFFFFF	185
3147	#FFFFFF	185
3148	#FFFFFF	185
3149	#FFFFFF	185
3150	#FFFFFF	185
3151	#FFFFFF	185
3152	#FFFFFF	185
3153	#FFFFFF	185
3154	#FFFFFF	185
3155	#FFFFFF	185
3156	#FFFFFF	185
3157	#FFFFFF	185
3158	#FFFFFF	185
3159	#FFFFFF	185
3160	#FFFFFF	185
3161	#FFFFFF	185
3162	#FFFFFF	185
3163	#FFFFFF	185
3164	#FFFFFF	185
3165	#FFFFFF	185
3166	#FFFFFF	185
3167	#FFFFFF	650
3168	#FFFFFF	185
3169	#FFFFFF	185
3170	#FFFFFF	185
3171	#FFFFFF	185
3172	#FFFFFF	101
3173	#FFFFFF	101
3174	#FFFFFF	101
3175	#FFFFFF	101
3176	#FFFFFF	101
3177	#FFFFFF	650
3178	#FFFFFF	185
3179	#FFFFFF	650
3180	#FFFFFF	650
3181	#FFFFFF	185
3182	#FFFFFF	185
3183	#FFFFFF	185
3184	#FFFFFF	650
3185	#FFFFFF	185
3186	#FFFFFF	185
3187	#FFFFFF	185
3188	#FFFFFF	185
3189	#FFFFFF	185
3190	#FFFFFF	185
3191	#FFFFFF	185
3192	#FFFFFF	185
3193	#FFFFFF	185
3194	#FFFFFF	185
3195	#FFFFFF	650
3196	#FFFFFF	185
3197	#FFFFFF	185
3198	#FFFFFF	185
3199	#FFFFFF	185
3200	#FFFFFF	185
3201	#FFFFFF	185
3202	#FFFFFF	185
3203	#FFFFFF	185
3204	#FFFFFF	185
3205	#FFFFFF	185
3206	#FFFFFF	185
3207	#FFFFFF	185
3208	#FFFFFF	185
3209	#FFFFFF	185
3210	#FFFFFF	185
3211	#FFFFFF	185
3212	#FFFFFF	185
3213	#FFFFFF	185
3214	#FFFFFF	185
3215	#FFFFFF	185
3216	#FFFFFF	185
3217	#FFFFFF	185
3218	#FFFFFF	185
3219	#FFFFFF	185
3220	#FFFFFF	185
3221	#FFFFFF	185
3222	#FFFFFF	101
3223	#FFFFFF	101
3224	#FFFFFF	101
3225	#FFFFFF	101
3226	#FFFFFF	101
3227	#FFFFFF	101
3228	#FFFFFF	185
3229	#FFFFFF	650
3230	#FFFFFF	650
3231	#FFFFFF	650
3232	#FFFFFF	650
3233	#FFFFFF	185
3234	#FFFFFF	185
3235	#FFFFFF	650
3236	#FFFFFF	185
3237	#FFFFFF	185
3238	#FFFFFF	185
3239	#FFFFFF	185
3240	#FFFFFF	185
3241	#FFFFFF	185
3242	#FFFFFF	185
3243	#FFFFFF	185
3244	#FFFFFF	185
3245	#FFFFFF	185
3246	#FFFFFF	650
3247	#FFFFFF	185
3248	#FFFFFF	185
3249	#FFFFFF	185
3250	#FFFFFF	185
3251	#FFFFFF	185
3252	#FFFFFF	185
3253	#FFFFFF	185
3254	#FFFFFF	185
3255	#FFFFFF	185
3256	#FFFFFF	185
3257	#FFFFFF	185
3258	#FFFFFF	185
3259	#FFFFFF	185
3260	#FFFFFF	185
3261	#FFFFFF	185
3262	#FFFFFF	185
3263	#FFFFFF	185
3264	#FFFFFF	185
3265	#FFFFFF	185
3266	#FFFFFF	185
3267	#FFFFFF	185
3268	#FFFFFF	185
3269	#FFFFFF	185
3270	#FFFFFF	101
3271	#FFFFFF	185
3272	#FFFFFF	101
3273	#FFFFFF	101
3274	#FFFFFF	101
3275	#FFFFFF	101
3276	#FFFFFF	101
3277	#FFFFFF	101
3278	#FFFFFF	650
3279	#FFFFFF	650
3280	#FFFFFF	650
3281	#FFFFFF	650
3282	#FFFFFF	185
3283	#FFFFFF	185
3284	#FFFFFF	185
3285	#FFFFFF	650
3286	#FFFFFF	185
3287	#FFFFFF	185
3288	#FFFFFF	185
3289	#FFFFFF	185
3290	#FFFFFF	185
3291	#FFFFFF	185
3292	#FFFFFF	185
3293	#FFFFFF	185
3294	#FFFFFF	185
3295	#FFFFFF	185
3296	#FFFFFF	650
3297	#FFFFFF	185
3298	#FFFFFF	185
3299	#FFFFFF	185
3300	#FFFFFF	185
3301	#FFFFFF	185
3302	#FFFFFF	185
3303	#FFFFFF	185
3304	#FFFFFF	185
3305	#FFFFFF	185
3306	#FFFFFF	185
3307	#FFFFFF	650
3308	#FFFFFF	185
3309	#FFFFFF	185
3310	#FFFFFF	185
3311	#FFFFFF	185
3312	#FFFFFF	185
3313	#FFFFFF	185
3314	#FFFFFF	185
3315	#FFFFFF	185
3316	#FFFFFF	185
3317	#FFFFFF	185
3318	#FFFFFF	185
3319	#FFFFFF	185
3320	#FFFFFF	101
3321	#FFFFFF	101
3322	#FFFFFF	101
3323	#FFFFFF	101
3324	#FFFFFF	101
3325	#FFFFFF	101
3326	#FFFFFF	101
3327	#FFFFFF	101
3328	#FFFFFF	101
3329	#FFFFFF	185
3330	#FFFFFF	185
3331	#FFFFFF	650
3332	#FFFFFF	650
3333	#FFFFFF	650
3334	#FFFFFF	185
3335	#FFFFFF	185
3336	#FFFFFF	650
3337	#FFFFFF	185
3338	#FFFFFF	185
3339	#FFFFFF	185
3340	#FFFFFF	185
3341	#FFFFFF	185
3342	#FFFFFF	185
3343	#FFFFFF	185
3344	#FFFFFF	185
3345	#FFFFFF	185
3346	#FFFFFF	185
3347	#FFFFFF	650
3348	#FFFFFF	185
3349	#FFFFFF	185
3350	#FFFFFF	185
3351	#FFFFFF	185
3352	#FFFFFF	185
3353	#FFFFFF	185
3354	#FFFFFF	185
3355	#FFFFFF	185
3356	#FFFFFF	185
3357	#FFFFFF	185
3358	#FFFFFF	185
3359	#FFFFFF	185
3360	#FFFFFF	185
3361	#FFFFFF	185
3362	#FFFFFF	185
3363	#FFFFFF	185
3364	#FFFFFF	185
3365	#FFFFFF	185
3366	#FFFFFF	185
3367	#FFFFFF	185
3368	#FFFFFF	185
3369	#FFFFFF	185
3370	#FFFFFF	185
3371	#FFFFFF	101
3372	#FFFFFF	101
3373	#FFFFFF	101
3374	#FFFFFF	101
3375	#FFFFFF	101
3376	#FFFFFF	101
3377	#FFFFFF	101
3378	#FFFFFF	101
3379	#FFFFFF	185
3380	#FFFFFF	650
3381	#FFFFFF	650
3382	#FFFFFF	185
3383	#FFFFFF	650
3384	#FFFFFF	77
3385	#FFFFFF	77
3386	#FFFFFF	77
3387	#FFFFFF	77
3388	#FFFFFF	77
3389	#FFFFFF	77
3390	#FFFFFF	77
3391	#FFFFFF	77
3392	#FFFFFF	77
3393	#FFFFFF	77
3394	#FFFFFF	77
3395	#FFFFFF	521
3396	#FFFFFF	521
3397	#FFFFFF	77
3398	#FFFFFF	521
3399	#FFFFFF	521
3400	#FFFFFF	521
3401	#FFFFFF	521
3402	#FFFFFF	521
3403	#FFFFFF	521
3404	#FFFFFF	77
3405	#FFFFFF	77
3406	#FFFFFF	185
3407	#FFFFFF	185
3408	#FFFFFF	77
3409	#FFFFFF	185
3410	#FFFFFF	185
3411	#FFFFFF	185
3412	#FFFFFF	185
3413	#FFFFFF	185
3414	#FFFFFF	185
3415	#FFFFFF	185
3416	#FFFFFF	185
3417	#FFFFFF	170
3418	#FFFFFF	170
3419	#FFFFFF	77
3420	#FFFFFF	170
3421	#FFFFFF	185
3422	#FFFFFF	185
3423	#FFFFFF	185
3424	#FFFFFF	170
3425	#FFFFFF	170
3426	#FFFFFF	170
3427	#FFFFFF	170
3428	#FFFFFF	78
3429	#FFFFFF	78
3430	#FFFFFF	77
3431	#FFFFFF	77
3432	#FFFFFF	77
3433	#FFFFFF	77
3434	#FFFFFF	77
3435	#FFFFFF	77
3436	#FFFFFF	77
3437	#FFFFFF	77
3438	#FFFFFF	77
3439	#FFFFFF	77
3440	#FFFFFF	77
3441	#FFFFFF	77
3442	#FFFFFF	77
3443	#FFFFFF	77
3444	#FFFFFF	77
3445	#FFFFFF	77
3446	#FFFFFF	521
3447	#FFFFFF	77
3448	#FFFFFF	77
3449	#FFFFFF	521
3450	#FFFFFF	77
3451	#FFFFFF	521
3452	#FFFFFF	521
3453	#FFFFFF	521
3454	#FFFFFF	77
3455	#FFFFFF	77
3456	#FFFFFF	185
3457	#FFFFFF	77
3458	#FFFFFF	77
3459	#FFFFFF	77
3460	#FFFFFF	77
3461	#FFFFFF	185
3462	#FFFFFF	185
3463	#FFFFFF	185
3464	#FFFFFF	185
3465	#FFFFFF	185
3466	#FFFFFF	170
3467	#FFFFFF	185
3468	#FFFFFF	170
3469	#FFFFFF	185
3470	#FFFFFF	77
3471	#FFFFFF	185
3472	#FFFFFF	185
3473	#FFFFFF	185
3474	#FFFFFF	185
3475	#FFFFFF	185
3476	#FFFFFF	78
3477	#FFFFFF	78
3478	#FFFFFF	78
3479	#FFFFFF	78
3480	#FFFFFF	77
3481	#FFFFFF	77
3482	#FFFFFF	77
3483	#FFFFFF	77
3484	#FFFFFF	77
3485	#FFFFFF	185
3486	#FFFFFF	185
3487	#FFFFFF	650
3488	#FFFFFF	185
3489	#FFFFFF	185
3490	#FFFFFF	185
3491	#FFFFFF	185
3492	#FFFFFF	185
3493	#FFFFFF	185
3494	#FFFFFF	185
3495	#FFFFFF	185
3496	#FFFFFF	185
3497	#FFFFFF	185
3498	#FFFFFF	650
3499	#FFFFFF	185
3500	#FFFFFF	185
3501	#FFFFFF	185
3502	#FFFFFF	185
3503	#FFFFFF	185
3504	#FFFFFF	185
3505	#FFFFFF	185
3506	#FFFFFF	185
3507	#FFFFFF	185
3508	#FFFFFF	185
3509	#FFFFFF	650
3510	#FFFFFF	185
3511	#FFFFFF	185
3512	#FFFFFF	185
3513	#FFFFFF	185
3514	#FFFFFF	185
3515	#FFFFFF	185
3516	#FFFFFF	185
3517	#FFFFFF	185
3518	#FFFFFF	185
3519	#FFFFFF	185
3520	#FFFFFF	185
3521	#FFFFFF	185
3522	#FFFFFF	101
3523	#FFFFFF	185
3524	#FFFFFF	101
3525	#FFFFFF	101
3526	#FFFFFF	101
3527	#FFFFFF	101
3528	#FFFFFF	101
3529	#FFFFFF	101
3530	#FFFFFF	101
3531	#FFFFFF	650
3532	#FFFFFF	650
3533	#FFFFFF	650
3534	#FFFFFF	185
3535	#FFFFFF	185
3536	#FFFFFF	185
3537	#FFFFFF	650
3538	#FFFFFF	650
3539	#FFFFFF	185
3540	#FFFFFF	185
3541	#FFFFFF	185
3542	#FFFFFF	185
3543	#FFFFFF	185
3544	#FFFFFF	185
3545	#FFFFFF	185
3546	#FFFFFF	185
3547	#FFFFFF	185
3548	#FFFFFF	185
3549	#FFFFFF	650
3550	#FFFFFF	185
3551	#FFFFFF	185
3552	#FFFFFF	185
3553	#FFFFFF	185
3554	#FFFFFF	185
3555	#FFFFFF	185
3556	#FFFFFF	185
3557	#FFFFFF	185
3558	#FFFFFF	185
3559	#FFFFFF	185
3560	#FFFFFF	185
3561	#FFFFFF	185
3562	#FFFFFF	185
3563	#FFFFFF	185
3564	#FFFFFF	185
3565	#FFFFFF	185
3566	#FFFFFF	185
3567	#FFFFFF	185
3568	#FFFFFF	185
3569	#FFFFFF	185
3570	#FFFFFF	185
3571	#FFFFFF	185
3572	#FFFFFF	185
3573	#FFFFFF	101
3574	#FFFFFF	185
3575	#FFFFFF	101
3576	#FFFFFF	101
3577	#FFFFFF	101
3578	#FFFFFF	101
3579	#FFFFFF	101
3580	#FFFFFF	101
3581	#FFFFFF	650
3582	#FFFFFF	185
3583	#FFFFFF	185
3584	#FFFFFF	185
3585	#FFFFFF	185
3586	#FFFFFF	185
3587	#FFFFFF	650
3588	#FFFFFF	185
3589	#FFFFFF	185
3590	#FFFFFF	185
3591	#FFFFFF	185
3592	#FFFFFF	185
3593	#FFFFFF	185
3594	#FFFFFF	185
3595	#FFFFFF	185
3596	#FFFFFF	185
3597	#FFFFFF	185
3598	#FFFFFF	185
3599	#FFFFFF	650
3600	#FFFFFF	185
3601	#FFFFFF	185
3602	#FFFFFF	185
3603	#FFFFFF	185
3604	#FFFFFF	185
3605	#FFFFFF	185
3606	#FFFFFF	185
3607	#FFFFFF	185
3608	#FFFFFF	185
3609	#FFFFFF	185
3610	#FFFFFF	185
3611	#FFFFFF	185
3612	#FFFFFF	185
3613	#FFFFFF	185
3614	#FFFFFF	185
3615	#FFFFFF	185
3616	#FFFFFF	185
3617	#FFFFFF	185
3618	#FFFFFF	185
3619	#FFFFFF	185
3620	#FFFFFF	185
3621	#FFFFFF	650
3622	#FFFFFF	185
3623	#FFFFFF	185
3624	#FFFFFF	185
3625	#FFFFFF	101
3626	#FFFFFF	101
3627	#FFFFFF	101
3628	#FFFFFF	101
3629	#FFFFFF	101
3630	#FFFFFF	101
3631	#FFFFFF	101
3632	#FFFFFF	185
3633	#FFFFFF	650
3634	#FFFFFF	185
3635	#FFFFFF	185
3636	#FFFFFF	185
3637	#FFFFFF	185
3638	#FFFFFF	185
3639	#FFFFFF	650
3640	#FFFFFF	185
3641	#FFFFFF	185
3642	#FFFFFF	185
3643	#FFFFFF	185
3644	#FFFFFF	185
3645	#FFFFFF	185
3646	#FFFFFF	185
3647	#FFFFFF	185
3648	#FFFFFF	185
3649	#FFFFFF	101
3650	#FFFFFF	650
3651	#FFFFFF	185
3652	#FFFFFF	185
3653	#FFFFFF	185
3654	#FFFFFF	185
3655	#FFFFFF	185
3656	#FFFFFF	185
3657	#FFFFFF	185
3658	#FFFFFF	185
3659	#FFFFFF	185
3660	#FFFFFF	185
3661	#FFFFFF	650
3662	#FFFFFF	185
3663	#FFFFFF	185
3664	#FFFFFF	185
3665	#FFFFFF	185
3666	#FFFFFF	185
3667	#FFFFFF	185
3668	#FFFFFF	185
3669	#FFFFFF	185
3670	#FFFFFF	185
3671	#FFFFFF	185
3672	#FFFFFF	185
3673	#FFFFFF	185
3674	#FFFFFF	185
3675	#FFFFFF	101
3676	#FFFFFF	101
3677	#FFFFFF	101
3678	#FFFFFF	101
3679	#FFFFFF	101
3680	#FFFFFF	101
3681	#FFFFFF	101
3682	#FFFFFF	185
3683	#FFFFFF	650
3684	#FFFFFF	185
3685	#FFFFFF	185
3686	#FFFFFF	185
3687	#FFFFFF	185
3688	#FFFFFF	185
3689	#FFFFFF	650
3690	#FFFFFF	185
3691	#FFFFFF	185
3692	#FFFFFF	185
3693	#FFFFFF	185
3694	#FFFFFF	185
3695	#FFFFFF	185
3696	#FFFFFF	185
3697	#FFFFFF	185
3698	#FFFFFF	185
3699	#FFFFFF	101
3700	#FFFFFF	650
3701	#FFFFFF	101
3702	#FFFFFF	185
3703	#FFFFFF	185
3704	#FFFFFF	185
3705	#FFFFFF	185
3706	#FFFFFF	185
3707	#FFFFFF	185
3708	#FFFFFF	185
3709	#FFFFFF	185
3710	#FFFFFF	185
3711	#FFFFFF	650
3712	#FFFFFF	185
3713	#FFFFFF	185
3714	#FFFFFF	185
3715	#FFFFFF	185
3716	#FFFFFF	185
3717	#FFFFFF	185
3718	#FFFFFF	185
3719	#FFFFFF	185
3720	#FFFFFF	185
3721	#FFFFFF	185
3722	#FFFFFF	650
3723	#FFFFFF	185
3724	#FFFFFF	185
3725	#FFFFFF	101
3726	#FFFFFF	101
3727	#FFFFFF	101
3728	#FFFFFF	101
3729	#FFFFFF	101
3730	#FFFFFF	101
3731	#FFFFFF	101
3732	#FFFFFF	101
3733	#FFFFFF	650
3734	#FFFFFF	650
3735	#FFFFFF	185
3736	#FFFFFF	185
3737	#FFFFFF	185
3738	#FFFFFF	650
3739	#FFFFFF	185
3740	#FFFFFF	650
3741	#FFFFFF	185
3742	#FFFFFF	185
3743	#FFFFFF	185
3744	#FFFFFF	185
3745	#FFFFFF	185
3746	#FFFFFF	185
3747	#FFFFFF	185
3748	#FFFFFF	185
3749	#FFFFFF	101
3750	#FFFFFF	101
3751	#FFFFFF	650
3752	#FFFFFF	185
3753	#FFFFFF	101
3754	#FFFFFF	185
3755	#FFFFFF	185
3756	#FFFFFF	185
3757	#FFFFFF	185
3758	#FFFFFF	185
3759	#FFFFFF	185
3760	#FFFFFF	185
3761	#FFFFFF	185
3762	#FFFFFF	650
3763	#FFFFFF	185
3764	#FFFFFF	185
3765	#FFFFFF	185
3766	#FFFFFF	185
3767	#FFFFFF	185
3768	#FFFFFF	185
3769	#FFFFFF	185
3770	#FFFFFF	185
3771	#FFFFFF	185
3772	#FFFFFF	185
3773	#FFFFFF	650
3774	#FFFFFF	185
3775	#FFFFFF	185
3776	#FFFFFF	101
3777	#FFFFFF	101
3778	#FFFFFF	101
3779	#FFFFFF	101
3780	#FFFFFF	101
3781	#FFFFFF	101
3782	#FFFFFF	101
3783	#FFFFFF	650
3784	#FFFFFF	185
3785	#FFFFFF	650
3786	#FFFFFF	185
3787	#FFFFFF	185
3788	#FFFFFF	650
3789	#FFFFFF	650
3790	#FFFFFF	650
3791	#FFFFFF	185
3792	#FFFFFF	185
3793	#FFFFFF	185
3794	#FFFFFF	185
3795	#FFFFFF	185
3796	#FFFFFF	185
3797	#FFFFFF	185
3798	#FFFFFF	185
3799	#FFFFFF	185
3800	#FFFFFF	101
3801	#FFFFFF	650
3802	#FFFFFF	185
3803	#FFFFFF	101
3804	#FFFFFF	101
3805	#FFFFFF	185
3806	#FFFFFF	185
3807	#FFFFFF	185
3808	#FFFFFF	185
3809	#FFFFFF	185
3810	#FFFFFF	185
3811	#FFFFFF	185
3812	#FFFFFF	650
3813	#FFFFFF	185
3814	#FFFFFF	185
3815	#FFFFFF	185
3816	#FFFFFF	185
3817	#FFFFFF	185
3818	#FFFFFF	185
3819	#FFFFFF	185
3820	#FFFFFF	185
3821	#FFFFFF	185
3822	#FFFFFF	185
3823	#FFFFFF	650
3824	#FFFFFF	185
3825	#FFFFFF	185
3826	#FFFFFF	185
3827	#FFFFFF	101
3828	#FFFFFF	101
3829	#FFFFFF	101
3830	#FFFFFF	101
3831	#FFFFFF	101
3832	#FFFFFF	101
3833	#FFFFFF	101
3834	#FFFFFF	650
3835	#FFFFFF	650
3836	#FFFFFF	650
3837	#FFFFFF	650
3838	#FFFFFF	185
3839	#FFFFFF	650
3840	#FFFFFF	650
3841	#FFFFFF	650
3842	#FFFFFF	185
3843	#FFFFFF	185
3844	#FFFFFF	185
3845	#FFFFFF	185
3846	#FFFFFF	185
3847	#FFFFFF	185
3848	#FFFFFF	185
3849	#FFFFFF	185
3850	#FFFFFF	185
3851	#FFFFFF	101
3852	#FFFFFF	650
3853	#FFFFFF	101
3854	#FFFFFF	101
3855	#FFFFFF	101
3856	#FFFFFF	185
3857	#FFFFFF	185
3858	#FFFFFF	185
3859	#FFFFFF	185
3860	#FFFFFF	185
3861	#FFFFFF	185
3862	#FFFFFF	185
3863	#FFFFFF	650
3864	#FFFFFF	185
3865	#FFFFFF	185
3866	#FFFFFF	185
3867	#FFFFFF	185
3868	#FFFFFF	185
3869	#FFFFFF	101
3870	#FFFFFF	185
3871	#FFFFFF	185
3872	#FFFFFF	185
3873	#FFFFFF	101
3874	#FFFFFF	185
3875	#FFFFFF	101
3876	#FFFFFF	185
3877	#FFFFFF	101
3878	#FFFFFF	101
3879	#FFFFFF	101
3880	#FFFFFF	101
3881	#FFFFFF	101
3882	#FFFFFF	101
3883	#FFFFFF	101
3884	#FFFFFF	185
3885	#FFFFFF	650
3886	#FFFFFF	650
3887	#FFFFFF	185
3888	#FFFFFF	185
3889	#FFFFFF	650
3890	#FFFFFF	650
3891	#FFFFFF	650
3892	#FFFFFF	185
3893	#FFFFFF	185
3894	#FFFFFF	185
3895	#FFFFFF	185
3896	#FFFFFF	185
3897	#FFFFFF	185
3898	#FFFFFF	185
3899	#FFFFFF	185
3900	#FFFFFF	185
3901	#FFFFFF	101
3902	#FFFFFF	650
3903	#FFFFFF	101
3904	#FFFFFF	101
3905	#FFFFFF	101
3906	#FFFFFF	101
3907	#FFFFFF	185
3908	#FFFFFF	185
3909	#FFFFFF	185
3910	#FFFFFF	185
3911	#FFFFFF	185
3912	#FFFFFF	185
3913	#FFFFFF	650
3914	#FFFFFF	185
3915	#FFFFFF	185
3916	#FFFFFF	185
3917	#FFFFFF	185
3918	#FFFFFF	185
3919	#FFFFFF	185
3920	#FFFFFF	101
3921	#FFFFFF	185
3922	#FFFFFF	185
3923	#FFFFFF	101
3924	#FFFFFF	185
3925	#FFFFFF	101
3926	#FFFFFF	101
3927	#FFFFFF	185
3928	#FFFFFF	101
3929	#FFFFFF	101
3930	#FFFFFF	101
3931	#FFFFFF	101
3932	#FFFFFF	101
3933	#FFFFFF	101
3934	#FFFFFF	101
3935	#FFFFFF	185
3936	#FFFFFF	185
3937	#FFFFFF	185
3938	#FFFFFF	185
3939	#FFFFFF	185
3940	#FFFFFF	650
3941	#FFFFFF	650
3942	#FFFFFF	650
3943	#FFFFFF	185
3944	#FFFFFF	185
3945	#FFFFFF	185
3946	#FFFFFF	185
3947	#FFFFFF	185
3948	#FFFFFF	185
3949	#FFFFFF	185
3950	#FFFFFF	185
3951	#FFFFFF	185
3952	#FFFFFF	101
3953	#FFFFFF	185
3954	#FFFFFF	101
3955	#FFFFFF	101
3956	#FFFFFF	101
3957	#FFFFFF	185
3958	#FFFFFF	101
3959	#FFFFFF	185
3960	#FFFFFF	185
3961	#FFFFFF	185
3962	#FFFFFF	185
3963	#FFFFFF	185
3964	#FFFFFF	185
3965	#FFFFFF	185
3966	#FFFFFF	185
3967	#FFFFFF	185
3968	#FFFFFF	185
3969	#FFFFFF	185
3970	#FFFFFF	185
3971	#FFFFFF	101
3972	#FFFFFF	185
3973	#FFFFFF	185
3974	#FFFFFF	101
3975	#FFFFFF	185
3976	#FFFFFF	101
3977	#FFFFFF	101
3978	#FFFFFF	101
3979	#FFFFFF	101
3980	#FFFFFF	101
3981	#FFFFFF	101
3982	#FFFFFF	101
3983	#FFFFFF	101
3984	#FFFFFF	101
3985	#FFFFFF	185
3986	#FFFFFF	185
3987	#FFFFFF	185
3988	#FFFFFF	185
3989	#FFFFFF	185
3990	#FFFFFF	650
3991	#FFFFFF	650
3992	#FFFFFF	185
3993	#FFFFFF	185
3994	#FFFFFF	185
3995	#FFFFFF	185
3996	#FFFFFF	185
3997	#FFFFFF	185
3998	#FFFFFF	185
3999	#FFFFFF	185
4000	#FFFFFF	185
4001	#FFFFFF	101
4002	#FFFFFF	101
4003	#FFFFFF	650
4004	#FFFFFF	101
4005	#FFFFFF	101
4006	#FFFFFF	185
4007	#FFFFFF	101
4008	#FFFFFF	101
4009	#FFFFFF	101
4010	#FFFFFF	185
4011	#FFFFFF	185
4012	#FFFFFF	185
4013	#FFFFFF	185
4014	#FFFFFF	185
4015	#FFFFFF	185
4016	#FFFFFF	185
4017	#FFFFFF	185
4018	#FFFFFF	185
4019	#FFFFFF	185
4020	#FFFFFF	185
4021	#FFFFFF	101
4022	#FFFFFF	101
4023	#FFFFFF	185
4024	#FFFFFF	101
4025	#FFFFFF	650
4026	#FFFFFF	101
4027	#FFFFFF	101
4028	#FFFFFF	101
4029	#FFFFFF	101
4030	#FFFFFF	101
4031	#FFFFFF	101
4032	#FFFFFF	101
4033	#FFFFFF	101
4034	#FFFFFF	101
4035	#FFFFFF	101
4036	#FFFFFF	185
4037	#FFFFFF	185
4038	#FFFFFF	185
4039	#FFFFFF	185
4040	#FFFFFF	185
4041	#FFFFFF	77
4042	#FFFFFF	77
4043	#FFFFFF	77
4044	#FFFFFF	77
4045	#FFFFFF	77
4046	#FFFFFF	77
4047	#FFFFFF	77
4048	#FFFFFF	77
4049	#FFFFFF	77
4050	#FFFFFF	77
4051	#FFFFFF	77
4052	#FFFFFF	77
4053	#FFFFFF	521
4054	#FFFFFF	77
4055	#FFFFFF	77
4056	#FFFFFF	77
4057	#FFFFFF	521
4058	#FFFFFF	521
4059	#FFFFFF	521
4060	#FFFFFF	77
4061	#FFFFFF	77
4062	#FFFFFF	185
4063	#FFFFFF	77
4064	#FFFFFF	77
4065	#FFFFFF	77
4066	#FFFFFF	77
4067	#FFFFFF	77
4068	#FFFFFF	185
4069	#FFFFFF	185
4070	#FFFFFF	185
4071	#FFFFFF	185
4072	#FFFFFF	185
4073	#FFFFFF	170
4074	#FFFFFF	170
4075	#FFFFFF	170
4076	#FFFFFF	77
4077	#FFFFFF	185
4078	#FFFFFF	185
4079	#FFFFFF	185
4080	#FFFFFF	185
4081	#FFFFFF	185
4082	#FFFFFF	506
4083	#FFFFFF	78
4084	#FFFFFF	78
4085	#FFFFFF	78
4087	#FFFFFF	77
4088	#FFFFFF	77
4089	#FFFFFF	77
4090	#FFFFFF	77
4091	#FFFFFF	77
4092	#FFFFFF	77
4093	#FFFFFF	77
4094	#FFFFFF	185
4095	#FFFFFF	77
4096	#FFFFFF	77
4097	#FFFFFF	77
4098	#FFFFFF	77
4099	#FFFFFF	77
4100	#FFFFFF	77
4101	#FFFFFF	77
4102	#FFFFFF	77
4103	#FFFFFF	521
4104	#FFFFFF	521
4105	#FFFFFF	77
4106	#FFFFFF	77
4107	#FFFFFF	521
4108	#FFFFFF	521
4109	#FFFFFF	77
4110	#FFFFFF	77
4111	#FFFFFF	77
4112	#FFFFFF	185
4113	#FFFFFF	185
4114	#FFFFFF	77
4115	#FFFFFF	77
4116	#FFFFFF	77
4117	#FFFFFF	77
4118	#FFFFFF	185
4119	#FFFFFF	185
4120	#FFFFFF	185
4121	#FFFFFF	185
4122	#FFFFFF	185
4123	#FFFFFF	185
4124	#FFFFFF	170
4125	#FFFFFF	170
4126	#FFFFFF	170
4127	#FFFFFF	77
4128	#FFFFFF	185
4129	#FFFFFF	185
4130	#FFFFFF	185
4131	#FFFFFF	185
4132	#FFFFFF	506
4133	#FFFFFF	506
4134	#FFFFFF	78
4135	#FFFFFF	506
4136	#FFFFFF	78
4137	#FFFFFF	77
4138	#FFFFFF	77
4139	#FFFFFF	77
4140	#FFFFFF	77
4141	#FFFFFF	77
4142	#FFFFFF	185
4143	#FFFFFF	77
4144	#FFFFFF	77
4145	#FFFFFF	77
4146	#FFFFFF	77
4147	#FFFFFF	77
4148	#FFFFFF	77
4149	#FFFFFF	77
4150	#FFFFFF	77
4151	#FFFFFF	77
4152	#FFFFFF	77
4153	#FFFFFF	77
4154	#FFFFFF	77
4155	#FFFFFF	185
4156	#FFFFFF	521
4157	#FFFFFF	77
4158	#FFFFFF	521
4159	#FFFFFF	77
4160	#FFFFFF	77
4161	#FFFFFF	77
4162	#FFFFFF	185
4163	#FFFFFF	185
4164	#FFFFFF	77
4165	#FFFFFF	77
4166	#FFFFFF	77
4167	#FFFFFF	77
4168	#FFFFFF	77
4169	#FFFFFF	185
4170	#FFFFFF	185
4171	#FFFFFF	185
4172	#FFFFFF	185
4173	#FFFFFF	185
4174	#FFFFFF	170
4175	#FFFFFF	185
4176	#FFFFFF	170
4177	#FFFFFF	77
4178	#FFFFFF	185
4179	#FFFFFF	185
4180	#FFFFFF	185
4181	#FFFFFF	185
4182	#FFFFFF	185
4183	#FFFFFF	506
4184	#FFFFFF	506
4185	#FFFFFF	78
4186	#FFFFFF	506
4187	#FFFFFF	78
4188	#FFFFFF	77
4189	#FFFFFF	77
4190	#FFFFFF	77
4191	#FFFFFF	77
4192	#FFFFFF	77
4193	#FFFFFF	185
4194	#FFFFFF	77
4195	#FFFFFF	185
4196	#FFFFFF	77
4197	#FFFFFF	77
4198	#FFFFFF	77
4199	#FFFFFF	77
4200	#FFFFFF	77
4201	#FFFFFF	77
4202	#FFFFFF	77
4203	#FFFFFF	77
4204	#FFFFFF	77
4205	#FFFFFF	77
4206	#FFFFFF	77
4207	#FFFFFF	77
4208	#FFFFFF	521
4209	#FFFFFF	77
4210	#FFFFFF	77
4211	#FFFFFF	77
4212	#FFFFFF	185
4213	#FFFFFF	185
4214	#FFFFFF	77
4215	#FFFFFF	77
4216	#FFFFFF	77
4217	#FFFFFF	77
4218	#FFFFFF	77
4219	#FFFFFF	77
4220	#FFFFFF	185
4221	#FFFFFF	185
4222	#FFFFFF	185
4223	#FFFFFF	185
4224	#FFFFFF	170
4225	#FFFFFF	185
4226	#FFFFFF	185
4227	#FFFFFF	185
4228	#FFFFFF	77
4229	#FFFFFF	185
4230	#FFFFFF	185
4231	#FFFFFF	185
4232	#FFFFFF	185
4233	#FFFFFF	506
4234	#FFFFFF	506
4235	#FFFFFF	506
4236	#FFFFFF	506
4237	#FFFFFF	78
4238	#FFFFFF	77
4239	#FFFFFF	77
4240	#FFFFFF	77
4241	#FFFFFF	185
4242	#FFFFFF	185
4243	#FFFFFF	185
4244	#FFFFFF	185
4245	#FFFFFF	185
4246	#FFFFFF	77
4247	#FFFFFF	77
4248	#FFFFFF	77
4249	#FFFFFF	77
4250	#FFFFFF	77
4251	#FFFFFF	77
4252	#FFFFFF	185
4253	#FFFFFF	77
4254	#FFFFFF	77
4255	#FFFFFF	77
4256	#FFFFFF	77
4257	#FFFFFF	77
4258	#FFFFFF	77
4259	#FFFFFF	521
4260	#FFFFFF	77
4261	#FFFFFF	77
4262	#FFFFFF	77
4263	#FFFFFF	77
4264	#FFFFFF	77
4265	#FFFFFF	77
4266	#FFFFFF	77
4267	#FFFFFF	77
4268	#FFFFFF	77
4269	#FFFFFF	77
4270	#FFFFFF	185
4271	#FFFFFF	185
4272	#FFFFFF	185
4273	#FFFFFF	185
4274	#FFFFFF	185
4275	#FFFFFF	185
4276	#FFFFFF	185
4277	#FFFFFF	185
4278	#FFFFFF	77
4279	#FFFFFF	185
4280	#FFFFFF	185
4281	#FFFFFF	185
4282	#FFFFFF	185
4283	#FFFFFF	185
4284	#FFFFFF	506
4285	#FFFFFF	506
4286	#FFFFFF	506
4287	#FFFFFF	78
4288	#FFFFFF	78
4289	#FFFFFF	77
4290	#FFFFFF	77
4291	#FFFFFF	77
4292	#FFFFFF	77
4293	#FFFFFF	185
4294	#FFFFFF	185
4295	#FFFFFF	185
4296	#FFFFFF	77
4297	#FFFFFF	77
4298	#FFFFFF	77
4299	#FFFFFF	77
4300	#FFFFFF	77
4301	#FFFFFF	77
4302	#FFFFFF	185
4303	#FFFFFF	77
4304	#FFFFFF	77
4305	#FFFFFF	77
4306	#FFFFFF	77
4307	#FFFFFF	77
4308	#FFFFFF	77
4309	#FFFFFF	77
4310	#FFFFFF	77
4311	#FFFFFF	77
4312	#FFFFFF	77
4313	#FFFFFF	77
4314	#FFFFFF	77
4315	#FFFFFF	77
4316	#FFFFFF	77
4317	#FFFFFF	77
4318	#FFFFFF	77
4319	#FFFFFF	77
4320	#FFFFFF	77
4321	#FFFFFF	185
4322	#FFFFFF	185
4323	#FFFFFF	185
4324	#FFFFFF	185
4325	#FFFFFF	185
4326	#FFFFFF	185
4327	#FFFFFF	185
4328	#FFFFFF	185
4329	#FFFFFF	77
4330	#FFFFFF	185
4331	#FFFFFF	185
4332	#FFFFFF	185
4333	#FFFFFF	185
4334	#FFFFFF	506
4335	#FFFFFF	506
4336	#FFFFFF	506
4337	#FFFFFF	506
4338	#FFFFFF	506
4339	#FFFFFF	185
4340	#FFFFFF	77
4341	#FFFFFF	77
4342	#FFFFFF	185
4343	#FFFFFF	77
4344	#FFFFFF	185
4345	#FFFFFF	185
4346	#FFFFFF	185
4347	#FFFFFF	77
4348	#FFFFFF	77
4349	#FFFFFF	77
4350	#FFFFFF	77
4351	#FFFFFF	77
4352	#FFFFFF	185
4353	#FFFFFF	185
4354	#FFFFFF	77
4355	#FFFFFF	77
4356	#FFFFFF	77
4357	#FFFFFF	77
4358	#FFFFFF	77
4359	#FFFFFF	77
4360	#FFFFFF	77
4361	#FFFFFF	77
4362	#FFFFFF	77
4363	#FFFFFF	77
4364	#FFFFFF	77
4365	#FFFFFF	77
4366	#FFFFFF	77
4367	#FFFFFF	77
4368	#FFFFFF	77
4369	#FFFFFF	77
4370	#FFFFFF	77
4371	#FFFFFF	185
4372	#FFFFFF	185
4373	#FFFFFF	430
4374	#FFFFFF	185
4375	#FFFFFF	185
4376	#FFFFFF	185
4377	#FFFFFF	185
4378	#FFFFFF	185
4379	#FFFFFF	77
4380	#FFFFFF	185
4381	#FFFFFF	185
4382	#FFFFFF	185
4383	#FFFFFF	185
4384	#FFFFFF	506
4385	#FFFFFF	506
4386	#FFFFFF	506
4387	#FFFFFF	506
4388	#FFFFFF	506
4389	#FFFFFF	506
4390	#FFFFFF	77
4391	#FFFFFF	185
4392	#FFFFFF	77
4393	#FFFFFF	77
4394	#FFFFFF	185
4395	#FFFFFF	185
4396	#FFFFFF	185
4397	#FFFFFF	77
4398	#FFFFFF	185
4399	#FFFFFF	77
4400	#FFFFFF	77
4401	#FFFFFF	77
4402	#FFFFFF	77
4403	#FFFFFF	185
4404	#FFFFFF	77
4405	#FFFFFF	185
4406	#FFFFFF	185
4407	#FFFFFF	77
4408	#FFFFFF	77
4409	#FFFFFF	77
4410	#FFFFFF	77
4411	#FFFFFF	77
4412	#FFFFFF	77
4413	#FFFFFF	77
4414	#FFFFFF	77
4415	#FFFFFF	77
4416	#FFFFFF	77
4417	#FFFFFF	77
4418	#FFFFFF	77
4419	#FFFFFF	77
4420	#FFFFFF	77
4421	#FFFFFF	185
4422	#FFFFFF	185
4423	#FFFFFF	430
4424	#FFFFFF	430
4425	#FFFFFF	185
4426	#FFFFFF	430
4427	#FFFFFF	185
4428	#FFFFFF	185
4429	#FFFFFF	185
4430	#FFFFFF	185
4431	#FFFFFF	185
4432	#FFFFFF	506
4433	#FFFFFF	506
4434	#FFFFFF	506
4435	#FFFFFF	506
4436	#FFFFFF	506
4437	#FFFFFF	506
4438	#FFFFFF	506
4439	#FFFFFF	506
4440	#FFFFFF	185
4441	#FFFFFF	77
4442	#FFFFFF	77
4443	#FFFFFF	185
4444	#FFFFFF	185
4445	#FFFFFF	185
4446	#FFFFFF	185
4447	#FFFFFF	185
4448	#FFFFFF	185
4449	#FFFFFF	185
4450	#FFFFFF	77
4451	#FFFFFF	185
4452	#FFFFFF	77
4453	#FFFFFF	185
4454	#FFFFFF	185
4455	#FFFFFF	185
4456	#FFFFFF	185
4457	#FFFFFF	185
4458	#FFFFFF	77
4459	#FFFFFF	77
4460	#FFFFFF	77
4461	#FFFFFF	77
4462	#FFFFFF	77
4463	#FFFFFF	77
4464	#FFFFFF	77
4465	#FFFFFF	77
4466	#FFFFFF	77
4467	#FFFFFF	77
4468	#FFFFFF	77
4469	#FFFFFF	77
4470	#FFFFFF	77
4471	#FFFFFF	77
4472	#FFFFFF	185
4473	#FFFFFF	185
4474	#FFFFFF	430
4475	#FFFFFF	430
4476	#FFFFFF	430
4477	#FFFFFF	430
4478	#FFFFFF	185
4479	#FFFFFF	185
4480	#FFFFFF	77
4481	#FFFFFF	185
4482	#FFFFFF	506
4483	#FFFFFF	506
4484	#FFFFFF	506
4485	#FFFFFF	506
4486	#FFFFFF	506
4487	#FFFFFF	506
4488	#FFFFFF	506
4489	#FFFFFF	506
4490	#FFFFFF	506
4491	#FFFFFF	185
4492	#FFFFFF	185
4493	#FFFFFF	77
4494	#FFFFFF	185
4495	#FFFFFF	185
4496	#FFFFFF	185
4497	#FFFFFF	185
4498	#FFFFFF	77
4499	#FFFFFF	185
4500	#FFFFFF	185
4501	#FFFFFF	185
4502	#FFFFFF	77
4503	#FFFFFF	77
4504	#FFFFFF	185
4505	#FFFFFF	185
4506	#FFFFFF	185
4507	#FFFFFF	185
4508	#FFFFFF	185
4509	#FFFFFF	77
4510	#FFFFFF	77
4511	#FFFFFF	77
4512	#FFFFFF	77
4513	#FFFFFF	77
4514	#FFFFFF	77
4515	#FFFFFF	77
4516	#FFFFFF	77
4517	#FFFFFF	77
4518	#FFFFFF	77
4519	#FFFFFF	77
4520	#FFFFFF	77
4521	#FFFFFF	77
4522	#FFFFFF	185
4523	#FFFFFF	430
4524	#FFFFFF	430
4525	#FFFFFF	430
4526	#FFFFFF	430
4527	#FFFFFF	430
4528	#FFFFFF	430
4529	#FFFFFF	185
4530	#FFFFFF	185
4531	#FFFFFF	185
4532	#FFFFFF	185
4533	#FFFFFF	506
4534	#FFFFFF	506
4535	#FFFFFF	506
4536	#FFFFFF	506
4537	#FFFFFF	506
4538	#FFFFFF	506
4539	#FFFFFF	506
4540	#FFFFFF	506
4541	#FFFFFF	185
4542	#FFFFFF	185
4543	#FFFFFF	185
4544	#FFFFFF	185
4545	#FFFFFF	185
4546	#FFFFFF	77
4547	#FFFFFF	77
4548	#FFFFFF	77
4549	#FFFFFF	77
4550	#FFFFFF	77
4551	#FFFFFF	77
4552	#FFFFFF	77
4553	#FFFFFF	77
4554	#FFFFFF	521
4555	#FFFFFF	521
4556	#FFFFFF	521
4557	#FFFFFF	521
4558	#FFFFFF	521
4559	#FFFFFF	77
4560	#FFFFFF	521
4561	#FFFFFF	521
4562	#FFFFFF	521
4563	#FFFFFF	521
4564	#FFFFFF	521
4565	#FFFFFF	521
4566	#FFFFFF	521
4567	#FFFFFF	521
4568	#FFFFFF	521
4569	#FFFFFF	2835
4570	#FFFFFF	77
4571	#FFFFFF	2835
4572	#FFFFFF	185
4573	#FFFFFF	185
4574	#FFFFFF	185
4575	#FFFFFF	185
4576	#FFFFFF	185
4577	#FFFFFF	170
4578	#FFFFFF	185
4579	#FFFFFF	185
4580	#FFFFFF	185
4581	#FFFFFF	77
4582	#FFFFFF	185
4583	#FFFFFF	185
4584	#FFFFFF	185
4585	#FFFFFF	185
4586	#FFFFFF	185
4587	#FFFFFF	170
4588	#FFFFFF	170
4589	#FFFFFF	170
4590	#FFFFFF	170
4591	#FFFFFF	170
4592	#FFFFFF	77
4593	#FFFFFF	77
4594	#FFFFFF	77
4595	#FFFFFF	77
4596	#FFFFFF	77
4597	#FFFFFF	77
4598	#FFFFFF	77
4599	#FFFFFF	77
4600	#FFFFFF	77
4601	#FFFFFF	77
4602	#FFFFFF	77
4603	#FFFFFF	77
4604	#FFFFFF	77
4605	#FFFFFF	521
4606	#FFFFFF	521
4607	#FFFFFF	521
4608	#FFFFFF	521
4609	#FFFFFF	521
4610	#FFFFFF	77
4611	#FFFFFF	521
4612	#FFFFFF	2085
4613	#FFFFFF	521
4614	#FFFFFF	521
4615	#FFFFFF	521
4616	#FFFFFF	521
4617	#FFFFFF	521
4618	#FFFFFF	521
4619	#FFFFFF	2835
4620	#FFFFFF	185
4621	#FFFFFF	77
4622	#FFFFFF	2835
4623	#FFFFFF	2835
4624	#FFFFFF	185
4625	#FFFFFF	185
4626	#FFFFFF	185
4627	#FFFFFF	185
4628	#FFFFFF	185
4629	#FFFFFF	185
4630	#FFFFFF	185
4631	#FFFFFF	185
4632	#FFFFFF	77
4633	#FFFFFF	185
4634	#FFFFFF	185
4635	#FFFFFF	185
4636	#FFFFFF	185
4637	#FFFFFF	170
4638	#FFFFFF	170
4639	#FFFFFF	170
4640	#FFFFFF	170
4641	#FFFFFF	170
4642	#FFFFFF	77
4643	#FFFFFF	77
4644	#FFFFFF	77
4645	#FFFFFF	77
4646	#FFFFFF	77
4647	#FFFFFF	77
4648	#FFFFFF	77
4649	#FFFFFF	77
4650	#FFFFFF	77
4651	#FFFFFF	77
4652	#FFFFFF	77
4653	#FFFFFF	185
4654	#FFFFFF	77
4655	#FFFFFF	77
4656	#FFFFFF	521
4657	#FFFFFF	521
4658	#FFFFFF	521
4659	#FFFFFF	521
4660	#FFFFFF	77
4661	#FFFFFF	521
4662	#FFFFFF	2085
4663	#FFFFFF	2085
4664	#FFFFFF	2085
4665	#FFFFFF	521
4666	#FFFFFF	521
4667	#FFFFFF	521
4668	#FFFFFF	521
4669	#FFFFFF	2835
4670	#FFFFFF	185
4671	#FFFFFF	77
4672	#FFFFFF	2835
4673	#FFFFFF	2835
4674	#FFFFFF	185
4675	#FFFFFF	185
4676	#FFFFFF	185
4677	#FFFFFF	185
4678	#FFFFFF	185
4679	#FFFFFF	185
4680	#FFFFFF	185
4681	#FFFFFF	185
4682	#FFFFFF	77
4683	#FFFFFF	185
4684	#FFFFFF	185
4685	#FFFFFF	185
4686	#FFFFFF	185
4687	#FFFFFF	185
4688	#FFFFFF	185
4689	#FFFFFF	170
4690	#FFFFFF	170
4691	#FFFFFF	170
4692	#FFFFFF	170
4693	#FFFFFF	77
4694	#FFFFFF	77
4695	#FFFFFF	77
4696	#FFFFFF	77
4697	#FFFFFF	77
4698	#FFFFFF	77
4699	#FFFFFF	77
4700	#FFFFFF	77
4701	#FFFFFF	77
4702	#FFFFFF	185
4703	#FFFFFF	185
4704	#FFFFFF	77
4705	#FFFFFF	77
4706	#FFFFFF	77
4707	#FFFFFF	521
4708	#FFFFFF	521
4709	#FFFFFF	521
4710	#FFFFFF	521
4711	#FFFFFF	77
4712	#FFFFFF	521
4713	#FFFFFF	521
4714	#FFFFFF	2085
4715	#FFFFFF	2085
4716	#FFFFFF	521
4717	#FFFFFF	521
4718	#FFFFFF	521
4719	#FFFFFF	521
4720	#FFFFFF	2835
4721	#FFFFFF	185
4722	#FFFFFF	77
4723	#FFFFFF	185
4724	#FFFFFF	185
4725	#FFFFFF	185
4726	#FFFFFF	185
4727	#FFFFFF	185
4728	#FFFFFF	185
4729	#FFFFFF	185
4730	#FFFFFF	185
4731	#FFFFFF	185
4732	#FFFFFF	185
4733	#FFFFFF	77
4734	#FFFFFF	185
4735	#FFFFFF	185
4736	#FFFFFF	185
4737	#FFFFFF	185
4738	#FFFFFF	185
4739	#FFFFFF	170
4740	#FFFFFF	170
4741	#FFFFFF	170
4742	#FFFFFF	170
4743	#FFFFFF	77
4744	#FFFFFF	77
4745	#FFFFFF	77
4746	#FFFFFF	77
4747	#FFFFFF	77
4748	#FFFFFF	77
4749	#FFFFFF	77
4750	#FFFFFF	77
4751	#FFFFFF	77
4752	#FFFFFF	77
4753	#FFFFFF	185
4754	#FFFFFF	185
4755	#FFFFFF	185
4756	#FFFFFF	521
4757	#FFFFFF	521
4758	#FFFFFF	521
4759	#FFFFFF	521
4760	#FFFFFF	376
4761	#FFFFFF	77
4762	#FFFFFF	521
4763	#FFFFFF	521
4764	#FFFFFF	521
4765	#FFFFFF	521
4766	#FFFFFF	2085
4767	#FFFFFF	2085
4768	#FFFFFF	521
4769	#FFFFFF	521
4770	#FFFFFF	521
4771	#FFFFFF	185
4772	#FFFFFF	77
4773	#FFFFFF	185
4774	#FFFFFF	185
4775	#FFFFFF	376
4776	#FFFFFF	185
4777	#FFFFFF	185
4778	#FFFFFF	185
4779	#FFFFFF	185
4780	#FFFFFF	185
4781	#FFFFFF	185
4782	#FFFFFF	185
4783	#FFFFFF	77
4784	#FFFFFF	185
4785	#FFFFFF	185
4786	#FFFFFF	185
4787	#FFFFFF	185
4788	#FFFFFF	185
4789	#FFFFFF	170
4790	#FFFFFF	170
4791	#FFFFFF	170
4792	#FFFFFF	170
4793	#FFFFFF	170
4794	#FFFFFF	77
4795	#FFFFFF	77
4796	#FFFFFF	77
4797	#FFFFFF	77
4798	#FFFFFF	77
4799	#FFFFFF	77
4800	#FFFFFF	77
4801	#FFFFFF	77
4802	#FFFFFF	77
4803	#FFFFFF	185
4804	#FFFFFF	185
4805	#FFFFFF	185
4806	#FFFFFF	185
4807	#FFFFFF	521
4808	#FFFFFF	185
4809	#FFFFFF	521
4810	#FFFFFF	521
4811	#FFFFFF	376
4812	#FFFFFF	77
4813	#FFFFFF	376
4814	#FFFFFF	521
4815	#FFFFFF	521
4816	#FFFFFF	2085
4817	#FFFFFF	2085
4818	#FFFFFF	521
4819	#FFFFFF	521
4820	#FFFFFF	376
4821	#FFFFFF	376
4822	#FFFFFF	185
4823	#FFFFFF	77
4824	#FFFFFF	185
4825	#FFFFFF	376
4826	#FFFFFF	376
4827	#FFFFFF	185
4828	#FFFFFF	185
4829	#FFFFFF	185
4830	#FFFFFF	185
4831	#FFFFFF	185
4832	#FFFFFF	185
4833	#FFFFFF	185
4834	#FFFFFF	77
4835	#FFFFFF	185
4836	#FFFFFF	185
4837	#FFFFFF	185
4838	#FFFFFF	185
4839	#FFFFFF	185
4840	#FFFFFF	170
4841	#FFFFFF	170
4842	#FFFFFF	170
4843	#FFFFFF	170
4844	#FFFFFF	77
4845	#FFFFFF	77
4846	#FFFFFF	77
4847	#FFFFFF	77
4848	#FFFFFF	77
4849	#FFFFFF	77
4850	#FFFFFF	77
4851	#FFFFFF	77
4852	#FFFFFF	77
4853	#FFFFFF	185
4854	#FFFFFF	185
4855	#FFFFFF	185
4856	#FFFFFF	185
4857	#FFFFFF	521
4858	#FFFFFF	521
4859	#FFFFFF	185
4860	#FFFFFF	521
4861	#FFFFFF	521
4862	#FFFFFF	77
4863	#FFFFFF	376
4864	#FFFFFF	521
4865	#FFFFFF	521
4866	#FFFFFF	2085
4867	#FFFFFF	2085
4868	#FFFFFF	521
4869	#FFFFFF	521
4870	#FFFFFF	521
4871	#FFFFFF	376
4872	#FFFFFF	376
4873	#FFFFFF	77
4874	#FFFFFF	185
4875	#FFFFFF	185
4876	#FFFFFF	376
4877	#FFFFFF	185
4878	#FFFFFF	185
4879	#FFFFFF	185
4880	#FFFFFF	185
4881	#FFFFFF	185
4882	#FFFFFF	185
4883	#FFFFFF	185
4884	#FFFFFF	77
4885	#FFFFFF	185
4886	#FFFFFF	185
4887	#FFFFFF	185
4888	#FFFFFF	185
4889	#FFFFFF	185
4890	#FFFFFF	170
4891	#FFFFFF	170
4892	#FFFFFF	170
4893	#FFFFFF	170
4894	#FFFFFF	170
4895	#FFFFFF	77
4896	#FFFFFF	77
4897	#FFFFFF	77
4898	#FFFFFF	77
4899	#FFFFFF	77
4900	#FFFFFF	77
4901	#FFFFFF	77
4902	#FFFFFF	77
4903	#FFFFFF	77
4904	#FFFFFF	185
4905	#FFFFFF	185
4906	#FFFFFF	185
4907	#FFFFFF	185
4908	#FFFFFF	521
4909	#FFFFFF	185
4910	#FFFFFF	185
4911	#FFFFFF	521
4912	#FFFFFF	376
4913	#FFFFFF	77
4914	#FFFFFF	376
4915	#FFFFFF	376
4916	#FFFFFF	521
4917	#FFFFFF	2085
4918	#FFFFFF	2085
4919	#FFFFFF	521
4920	#FFFFFF	521
4921	#FFFFFF	376
4922	#FFFFFF	376
4923	#FFFFFF	376
4924	#FFFFFF	77
4925	#FFFFFF	185
4926	#FFFFFF	376
4927	#FFFFFF	185
4928	#FFFFFF	185
4929	#FFFFFF	185
4930	#FFFFFF	185
4931	#FFFFFF	185
4932	#FFFFFF	185
4933	#FFFFFF	185
4934	#FFFFFF	185
4935	#FFFFFF	77
4936	#FFFFFF	185
4937	#FFFFFF	185
4938	#FFFFFF	185
4939	#FFFFFF	185
4940	#FFFFFF	170
4941	#FFFFFF	170
4942	#FFFFFF	1426
4943	#FFFFFF	170
4944	#FFFFFF	170
4945	#FFFFFF	77
4946	#FFFFFF	77
4947	#FFFFFF	77
4948	#FFFFFF	77
4949	#FFFFFF	77
4950	#FFFFFF	77
4951	#FFFFFF	77
4952	#FFFFFF	77
4953	#FFFFFF	77
4954	#FFFFFF	185
4955	#FFFFFF	185
4956	#FFFFFF	185
4957	#FFFFFF	185
4958	#FFFFFF	185
4959	#FFFFFF	521
4960	#FFFFFF	185
4961	#FFFFFF	185
4962	#FFFFFF	376
4963	#FFFFFF	77
4964	#FFFFFF	376
4965	#FFFFFF	376
4966	#FFFFFF	521
4967	#FFFFFF	521
4968	#FFFFFF	2085
4969	#FFFFFF	521
4970	#FFFFFF	521
4971	#FFFFFF	376
4972	#FFFFFF	376
4973	#FFFFFF	376
4974	#FFFFFF	77
4975	#FFFFFF	376
4976	#FFFFFF	376
4977	#FFFFFF	185
4978	#FFFFFF	185
4979	#FFFFFF	185
4980	#FFFFFF	185
4981	#FFFFFF	185
4982	#FFFFFF	185
4983	#FFFFFF	185
4984	#FFFFFF	185
4985	#FFFFFF	77
4986	#FFFFFF	185
4987	#FFFFFF	185
4988	#FFFFFF	185
4989	#FFFFFF	185
4990	#FFFFFF	185
4991	#FFFFFF	170
4992	#FFFFFF	1426
4993	#FFFFFF	1426
4994	#FFFFFF	170
4995	#FFFFFF	170
4996	#FFFFFF	77
4997	#FFFFFF	77
4998	#FFFFFF	77
4999	#FFFFFF	77
5000	#FFFFFF	77
5001	#FFFFFF	77
5002	#FFFFFF	77
5003	#FFFFFF	77
5004	#FFFFFF	185
5005	#FFFFFF	185
5006	#FFFFFF	185
5007	#FFFFFF	185
5008	#FFFFFF	185
5009	#FFFFFF	185
5010	#FFFFFF	521
5011	#FFFFFF	185
5012	#FFFFFF	185
5013	#FFFFFF	376
5014	#FFFFFF	77
5015	#FFFFFF	376
5016	#FFFFFF	376
5017	#FFFFFF	376
5018	#FFFFFF	521
5019	#FFFFFF	2085
5020	#FFFFFF	2085
5021	#FFFFFF	376
5022	#FFFFFF	185
5023	#FFFFFF	376
5024	#FFFFFF	376
5025	#FFFFFF	77
5026	#FFFFFF	376
5027	#FFFFFF	376
5028	#FFFFFF	185
5029	#FFFFFF	185
5030	#FFFFFF	185
5031	#FFFFFF	185
5032	#FFFFFF	185
5033	#FFFFFF	185
5034	#FFFFFF	185
5035	#FFFFFF	185
5036	#FFFFFF	77
5037	#FFFFFF	185
5038	#FFFFFF	185
5039	#FFFFFF	185
5040	#FFFFFF	185
5041	#FFFFFF	170
5042	#FFFFFF	170
5043	#FFFFFF	1426
5044	#FFFFFF	170
5045	#FFFFFF	170
5046	#FFFFFF	77
5047	#FFFFFF	77
5048	#FFFFFF	77
5049	#FFFFFF	77
5050	#FFFFFF	77
5051	#FFFFFF	83
5052	#FFFFFF	77
5053	#FFFFFF	77
5054	#FFFFFF	185
5055	#FFFFFF	185
5056	#FFFFFF	185
5057	#FFFFFF	185
5058	#FFFFFF	185
5059	#FFFFFF	185
5060	#FFFFFF	185
5061	#FFFFFF	185
5062	#FFFFFF	185
5063	#FFFFFF	376
5064	#FFFFFF	77
5065	#FFFFFF	185
5066	#FFFFFF	376
5067	#FFFFFF	376
5068	#FFFFFF	521
5069	#FFFFFF	521
5070	#FFFFFF	2085
5071	#FFFFFF	521
5072	#FFFFFF	376
5073	#FFFFFF	185
5074	#FFFFFF	376
5075	#FFFFFF	77
5076	#FFFFFF	376
5077	#FFFFFF	376
5078	#FFFFFF	185
5079	#FFFFFF	185
5080	#FFFFFF	185
5081	#FFFFFF	185
5082	#FFFFFF	185
5083	#FFFFFF	185
5084	#FFFFFF	185
5085	#FFFFFF	185
5086	#FFFFFF	77
5087	#FFFFFF	185
5088	#FFFFFF	185
5089	#FFFFFF	185
5090	#FFFFFF	185
5091	#FFFFFF	185
5092	#FFFFFF	170
5093	#FFFFFF	1426
5094	#FFFFFF	170
5095	#FFFFFF	170
5096	#FFFFFF	170
5097	#FFFFFF	77
5098	#FFFFFF	77
5099	#FFFFFF	77
5100	#FFFFFF	77
5101	#FFFFFF	77
